vision_distance,n_agents,n_neurons,p,sigma_eff_mean,sigma_eff_std,susceptibility_mean,susceptibility_std,entropy_mean,entropy_std
5,256,64,0.00793651,0.0,0.0,0.000999000039882958,0.0,0.011407746933400631,0.0
5,256,64,0.00877193,0.0,0.0,0.000999000039882958,0.0,0.011407746933400631,0.0
5,256,64,0.00960735,0.0,0.0,0.000999000039882958,0.0,0.011407746933400631,0.0
5,256,64,0.01044277,0.0,0.0,0.000999000039882958,0.0,0.011407746933400631,0.0
5,256,64,0.0112782,0.0,0.0,0.000999000039882958,0.0,0.011407746933400631,0.0
5,256,64,0.01211362,0.0,0.0,0.000999000039882958,0.0,0.011407746933400631,0.0
5,256,64,0.01294904,0.005833333544433117,0.017697301175221284,0.0010139450372662396,4.751508250386157e-05,0.011545060202479362,0.0004340508767470324
5,256,64,0.01378446,0.002500000037252903,0.010897247521233323,0.0010039850370958448,2.1729099084805517e-05,0.01145477844402194,0.000205005601960347
5,256,64,0.01461988,0.007500000111758709,0.017853571337396065,0.0010139550315216184,3.560000081231674e-05,0.011548841511830688,0.00033587227783793465
5,256,64,0.0154553,0.009583333693444728,0.023165318620708118,0.0010288700286764652,7.774270582839561e-05,0.01167613328434527,0.00069197332060762
5,256,64,0.01629073,0.00833333358168602,0.020069324957973343,0.0010189300286583603,5.0801901389658786e-05,0.011592091666534543,0.00046638105563919554
5,256,64,0.01712615,0.014166667126119137,0.024874686822495273,0.0010338750260416418,6.513683928183164e-05,0.011729404982179403,0.0005960584833234341
5,256,64,0.01796157,0.03963150754570961,0.05343918907514124,0.0023539751768112183,0.0038320883670441125,0.017223259108141063,0.013330348355813206
5,256,64,0.01879699,0.05857673361897468,0.07141456725740367,0.013639990094816312,0.019396571789743976,0.05412681917659938,0.06208486978546746
5,256,64,0.01963241,0.0449175201356411,0.05887256753527222,0.019585905387066303,0.028965861904218515,0.0669752836227417,0.08200635968849596
5,256,64,0.02046784,0.06001901924610138,0.080022622868371,0.03228763832594268,0.042315913777011695,0.10152170383371413,0.12045677998157124
5,256,64,0.02130326,0.06497856304049492,0.07918527581789325,0.034276393306208776,0.04129497338263323,0.10906127714551986,0.11978191108615036
5,256,64,0.02213868,0.059998856484889986,0.08602142249516874,0.032163209724240006,0.04509030609589675,0.10219603423029185,0.1304585630164109
5,256,64,0.0229741,0.07502605840563774,0.08877954446694278,0.039470659440848974,0.04405163916065937,0.1240455592982471,0.13128801211957622
5,256,64,0.02380952,0.03500900454819202,0.0572378549705719,0.017917819030117244,0.027393771271181373,0.062472242210060355,0.08311448094805206
5,256,64,0.02464495,0.04000522792339325,0.048996202607861465,0.02084592457395047,0.024631793081145444,0.07014791909605264,0.0721504510998608
5,256,64,0.02548037,0.07001541256904602,0.08428079570068736,0.032508470362517985,0.03792835273306337,0.10918314559385181,0.11779218491226713
5,256,64,0.02631579,0.05001492537558079,0.07418208273540944,0.022902019950561226,0.032542870256114756,0.0798048997297883,0.10137537080659847
5,256,64,0.02715121,0.040021493658423425,0.049016123031227765,0.017817860166542233,0.020611981265695488,0.06470381785184146,0.06527802301225546
5,256,64,0.02798663,0.06001508012413979,0.09697430033320067,0.025649892236106097,0.038476800869949306,0.09005464557558299,0.12486953182845319
10,256,64,0.00793651,0.0,0.0,0.000999000039882958,0.0,0.011407746933400631,0.0
10,256,64,0.00877193,0.0,0.0,0.000999000039882958,0.0,0.011407746933400631,0.0
10,256,64,0.00960735,0.002500000037252903,0.010897247521233321,0.0010039850370958448,2.1729099084805517e-05,0.01145477844402194,0.000205005601960347
10,256,64,0.01044277,0.002500000037252903,0.010897247521233323,0.0010039850370958448,2.172909908480552e-05,0.011454778490588069,0.00020500580493739633
10,256,64,0.0112782,0.0,0.0,0.000999000039882958,0.0,0.011407746933400631,0.0
10,256,64,0.01211362,0.002500000037252903,0.010897247521233321,0.0010039850370958448,2.1729099084805517e-05,0.011454778490588069,0.00020500580493739633
10,256,64,0.01294904,0.007500000111758709,0.017853571337396065,0.0010139550315216184,3.560000081231674e-05,0.011548841511830688,0.00033587227783793465
10,256,64,0.01378446,0.002500000037252903,0.010897247521233321,0.0010039850370958448,2.1729099084805517e-05,0.01145477844402194,0.000205005601960347
10,256,64,0.01461988,0.012500000186264515,0.02165063541723057,0.001023925025947392,4.317134224154601e-05,0.011642904533073307,0.00040730491041905833
10,256,64,0.0154553,0.005000000074505806,0.021794495042466642,0.0010089700401294977,4.345822354174221e-05,0.01150180990807712,0.00041001100094364463
10,256,64,0.01629073,0.014166667126119137,0.024874686822495273,0.0010338750202208758,6.513683348893019e-05,0.011729404935613275,0.0005960582998129212
10,256,64,0.01712615,0.07227610088884831,0.04994121580049944,0.0013515450118575245,0.00044207122220237807,0.01419578087516129,0.003046548403304912
10,256,64,0.01796157,0.09055061303079129,0.08200505439183792,0.004449820460285992,0.005270776650755807,0.02620874564163387,0.01842557067880461
10,256,64,0.01879699,0.1453367330133915,0.08081038504468874,0.03029733448056504,0.03467570279122519,0.10581507133319974,0.09147583137895074
10,256,64,0.01963241,0.1423074882477522,0.09625676233805186,0.07481123228790239,0.05254767865983437,0.21077467491850257,0.12671743876078467
10,256,64,0.02046784,0.18494998589158057,0.12752327695774981,0.10267602300737053,0.06584016114773084,0.2959146393463016,0.18955107722787468
10,256,64,0.02130326,0.15503674931824207,0.102407463598534,0.08344122546259314,0.05335817018624124,0.24797282945364713,0.15403940470044952
10,256,64,0.02213868,0.22003028318285942,0.11662232142884169,0.11535936781438068,0.05962384481935615,0.34437040677294134,0.17476778008041127
10,256,64,0.0229741,0.2050474528223276,0.13222129523211484,0.11985035465913825,0.07624409766269533,0.33540940866805613,0.20723197341477656
10,256,64,0.02380952,0.14500430822372437,0.0920543570093496,0.0758197849849239,0.051766124093006495,0.2291504567489028,0.14251025041466273
10,256,64,0.02464495,0.20506130792200566,0.13594259993110325,0.10996937418240123,0.08065097309495778,0.3212810365948826,0.21454452494889936
10,256,64,0.02548037,0.22006136551499367,0.1364075044941972,0.11398134903865867,0.07225651654352444,0.33658033148385585,0.20296382929870732
10,256,64,0.02631579,0.23508264310657978,0.12363386814760477,0.12463816721574403,0.06941386542514076,0.3590531117748469,0.18616118563342546
10,256,64,0.02715121,0.20005665086209773,0.1449753009857811,0.09140141011448577,0.0714679821461098,0.2870620689354837,0.20715374372149653
10,256,64,0.02798663,0.16007319875061513,0.12414044835808918,0.07371460890281015,0.05550738357771375,0.2305539517197758,0.16726787769415408
15,256,64,0.00793651,0.0,0.0,0.000999000039882958,0.0,0.011407746933400631,0.0
15,256,64,0.00877193,0.0,0.0,0.000999000039882958,0.0,0.011407746933400631,0.0
15,256,64,0.00960735,0.0,0.0,0.000999000039882958,0.0,0.011407746933400631,0.0
15,256,64,0.01044277,0.002500000037252903,0.010897247521233321,0.0010039850370958448,2.1729099084805517e-05,0.011454778490588069,0.00020500580493739633
15,256,64,0.0112782,0.0,0.0,0.000999000039882958,0.0,0.011407746933400631,0.0
15,256,64,0.01211362,0.002500000037252903,0.010897247521233321,0.0010039850370958448,2.1729099084805517e-05,0.011454778490588069,0.00020500580493739633
15,256,64,0.01294904,0.005000000074505806,0.015000000223517416,0.0010089700343087315,2.990998327732086e-05,0.01150180995464325,0.0002821890637278557
15,256,64,0.01378446,0.020833333767950536,0.03410563722455824,0.0010438550380058587,7.375031690100245e-05,0.011827249266207217,0.0006882336536532969
15,256,64,0.01461988,0.012500000186264515,0.021650635417230567,0.001023925025947392,4.317134224154601e-05,0.011642904533073307,0.00040730491041905833
15,256,64,0.0154553,0.03166666738688946,0.03796928662769911,0.0010687700239941477,8.397785450658867e-05,0.012058625603094697,0.0007811638999404327
15,256,64,0.01629073,0.043666666373610497,0.04493390116891852,0.001182845002040267,0.0002721370596375096,0.012887549865990878,0.001929056069139886
15,256,64,0.01712615,0.09515476394444704,0.07067592763183556,0.0013670400192495435,0.0003160608258214805,0.0145028134342283,0.0026615455594708546
15,256,64,0.01796157,0.13361526001244783,0.12260887241006195,0.007756520016118884,0.016497955662082765,0.033474848885089156,0.03709482009930012
15,256,64,0.01879699,0.15665979497134686,0.09597029357688748,0.034956337773473935,0.03451632616653273,0.10685283378697932,0.08113397110240063
15,256,64,0.01963241,0.2498260334134102,0.12839519203340383,0.1625957301002927,0.1055230393818776,0.4003988883458078,0.2147524480864039
15,256,64,0.02046784,0.38754924312233924,0.159598321100156,0.2676908694207668,0.1260940903745598,0.6514584437012673,0.2713625400267451
15,256,64,0.02130326,0.34000812135636804,0.15619493051600478,0.23645230066613293,0.12542408604665262,0.5879498280119151,0.2778093398090421
15,256,64,0.02213868,0.33008312694728376,0.12695067390853437,0.2306072164326906,0.09568486853407619,0.5712657794356346,0.20952436872442923
15,256,64,0.0229741,0.35506885722279546,0.14658672931491015,0.25109542552381753,0.11960898647726767,0.617854493111372,0.26456589083139703
15,256,64,0.02380952,0.37007919028401376,0.1417607663887737,0.23207296952605247,0.1005564120137482,0.6101602092385292,0.2312447246062127
15,256,64,0.02464495,0.41515686810016633,0.2081154168297153,0.2786732791049872,0.17009230060357425,0.6928305945824832,0.36335041091178194
15,256,64,0.02548037,0.40012537203729154,0.1483477028856884,0.2747152719646692,0.11929889372224073,0.6714691579341888,0.2553525041551986
15,256,64,0.02631579,0.4302001617848873,0.14535111718840432,0.272485962882638,0.0938277577645038,0.6924636781215667,0.22394503596005058
15,256,64,0.02715121,0.38510450795292855,0.13523023735728454,0.21021789647638797,0.09386611880624203,0.5787257850170135,0.20771142364430176
15,256,64,0.02798663,0.40018334835767744,0.14498140742845914,0.23061987459659578,0.0813923776434836,0.6144202023744583,0.19986829706451947
20,256,64,0.00793651,0.002500000037252903,0.010897247521233321,0.0010039850429166108,2.1729124456936684e-05,0.01145477844402194,0.000205005601960347
20,256,64,0.00877193,0.005000000074505806,0.01500000022351742,0.0010089700343087315,2.9909983277320864e-05,0.011501810001209378,0.00028218920342628023
20,256,64,0.00960735,0.0,0.0,0.000999000039882958,0.0,0.011407746933400631,0.0
20,256,64,0.01044277,0.002500000037252903,0.010897247521233321,0.0010039850370958448,2.1729099084805517e-05,0.011454778490588069,0.00020500580493739633
20,256,64,0.0112782,0.005000000074505806,0.01500000022351742,0.0010089700401294977,2.9910000739624802e-05,0.011501810001209378,0.0002821892034262803
20,256,64,0.01211362,0.007500000111758709,0.023848480390793684,0.0010139550373423844,4.755386518000792e-05,0.01154884141869843,0.00044865183622135664
20,256,64,0.01294904,0.007500000111758709,0.017853571337396065,0.0010139550315216184,3.560000081231674e-05,0.011548841558396816,0.00033587238868749313
20,256,64,0.01378446,0.015000000223517418,0.022912878816207696,0.0010289100231602789,4.56882541343954e-05,0.011689936043694615,0.0004310509860715172
20,256,64,0.01461988,0.02250000089406967,0.036996623105306714,0.0010538050322793425,9.172545748092354e-05,0.011913749668747187,0.0008441131252167252
20,256,64,0.0154553,0.026250001415610312,0.04143896419441509,0.0010687300295103342,0.00012634119835262504,0.012044822843745352,0.0011362944800538432
20,256,64,0.01629073,0.04283333383500576,0.04322454360767233,0.00113833001232706,0.00015851300430395172,0.012646531220525503,0.0013817246916884166
20,256,64,0.01712615,0.11692263912409544,0.09644373968123443,0.0021755649766419085,0.0015121926581084404,0.018759006401523948,0.0086451455975804
20,256,64,0.01796157,0.2204435307532549,0.12045562456539682,0.022506570647237822,0.040198318488129256,0.06520103374496103,0.06250336980193046
20,256,64,0.01879699,0.33298289999365804,0.12902998984418598,0.15380202392116188,0.08764471426128731,0.3423889707773924,0.17002042632049333
20,256,64,0.01963241,0.419834915548563,0.12568294445436679,0.3253318749368191,0.11330499177969462,0.6764227539300919,0.1873860453518995
20,256,64,0.02046784,0.490100134909153,0.15783983916070515,0.4601574920117855,0.16114633198592593,0.9240688771009445,0.28497248655890395
20,256,64,0.02130326,0.4701437972486019,0.15843338456035816,0.46183633916079997,0.19825470961858127,0.9086735814809799,0.3231195365301366
20,256,64,0.02213868,0.5101607412099838,0.13759473513353884,0.4353489190340042,0.15013832712616837,0.940859243273735,0.26789954496983626
20,256,64,0.0229741,0.5102186787873506,0.18958160008709463,0.45556793846772053,0.20797662168302966,0.9508515566121787,0.37084599451890526
20,256,64,0.02380952,0.5002152673900128,0.16739980853384642,0.4425023153424263,0.18415233346008386,0.921784920990467,0.3243787303010615
20,256,64,0.02464495,0.6002530813217163,0.15506205267894893,0.5547877214848995,0.29867180645761154,1.0960398465394974,0.35298126678780817
20,256,64,0.02548037,0.565287621319294,0.12765981136842713,0.5278150580823422,0.20779135203023663,1.044838124513626,0.27131322971083194
20,256,64,0.02631579,0.5952847987413407,0.14999994071681072,0.505158007144928,0.17687713036865557,1.0664400696754455,0.2861668103040387
20,256,64,0.02715121,0.5602593138813973,0.12414140806846674,0.41313188448548316,0.1276787749375806,0.932630431652069,0.20512256235906765
20,256,64,0.02798663,0.5953522935509682,0.1396358767803784,0.47182664424180987,0.15011565206939026,1.026835398375988,0.2678119142789891
25,256,64,0.00793651,0.0012500000186264515,0.0054486237606166605,0.0010014925443101673,1.0864574914533926e-05,0.011431262688711285,0.0001025028009801735
25,256,64,0.00877193,0.0012500000186264515,0.0054486237606166605,0.0010014925384894014,1.0864549542402759e-05,0.011431262688711285,0.0001025028009801735
25,256,64,0.00960735,0.0037500000558793544,0.011924240195396842,0.0010064775415230542,2.3776943878374613e-05,0.011478294199332596,0.00022432600841762189
25,256,64,0.01044277,0.0037500000558793544,0.008926785668698032,0.0010064775415230542,1.7800014262365874e-05,0.011478294199332596,0.00016793608349416656
25,256,64,0.0112782,0.005000000074505806,0.01274754897393524,0.0010089700459502637,2.5418627743922042e-05,0.01150180995464325,0.00023981459041180235
25,256,64,0.01211362,0.007916666846722365,0.014547575533665974,0.0010164425359107554,3.258105020777197e-05,0.011570466635748743,0.0003028118665382775
25,256,64,0.01294904,0.012500000186264515,0.014790199678140187,0.0010239250375889241,2.9491660907762616e-05,0.011642904533073307,0.00027824220851099574
25,256,64,0.01378446,0.013750000204890967,0.0167238604495295,0.0010264175420161338,3.334737904298105e-05,0.011666420334950089,0.00031461949571604203
25,256,64,0.01461988,0.03229166716337204,0.027759977300541527,0.0010687700356356799,6.182841199639118e-05,0.012059286702424288,0.0005725788890130534
25,256,64,0.0154553,0.06306250104680658,0.04412542858177686,0.0012057125219143926,0.00018180890131868155,0.012933899648487568,0.0011614285039971421
25,256,64,0.01629073,0.08237996296957135,0.03971426225682487,0.0013123100041411817,0.00023251683435717262,0.013884093007072806,0.001512660158280679
25,256,64,0.01712615,0.16636194679886102,0.07921777048401889,0.0030499500397127123,0.0020472504321753064,0.022399412095546724,0.008976672537131528
25,256,64,0.01796157,0.27060827538371085,0.07128136050077964,0.04253081057686359,0.033748472138992285,0.09712131759151817,0.04550270198880189
25,256,64,0.01879699,0.4401968076825142,0.0944612134008262,0.4136376969516277,0.17575516102464894,0.6558186769485473,0.22563853523687516
25,256,64,0.01963241,0.5247977927327157,0.08678028021961,0.708496718108654,0.20644102250539112,1.0553063929080964,0.18644573992301866
25,256,64,0.02046784,0.5839245975017547,0.07550404981949117,0.8040609389543534,0.15508745587539602,1.2220655471086501,0.16027248781072115
25,256,64,0.02130326,0.6377414375543594,0.0986132606044174,0.900259816646576,0.17870978930542938,1.3542458981275558,0.21267405967857822
25,256,64,0.02213868,0.6528198421001434,0.08587046586451878,0.8835936307907104,0.18232130774283842,1.3861836671829224,0.1887458157632286
25,256,64,0.0229741,0.6878783911466598,0.10828557077103079,1.0378671616315842,0.20781215320862445,1.4761738419532775,0.2324525120472668
25,256,64,0.02380952,0.6728677034378052,0.11781871474386445,0.8875068396329879,0.289214861609409,1.3826395124197006,0.26320763629729754
25,256,64,0.02464495,0.7053839057683945,0.15654463681294273,0.9972128421068192,0.41200487776911787,1.4960226953029632,0.3827328751399119
25,256,64,0.02548037,0.7104332089424134,0.13755041679995583,1.0580801337957382,0.48259817485811574,1.489900493621826,0.29559727544404923
25,256,64,0.02631579,0.7504287630319595,0.13237739162954776,0.9483385682106018,0.265675864179391,1.523560631275177,0.2660207675289041
25,256,64,0.02715121,0.7004605874419212,0.1644248627506846,0.9213648930191993,0.4086788753304956,1.4008884489536286,0.3585834343507255
25,256,64,0.02798663,0.7504623144865036,0.12052606430626656,0.9655524075031281,0.333259512570911,1.4966927289962768,0.29268794695170547
30,256,64,0.00793651,0.0037500000558793544,0.008926785668698032,0.0010064775415230542,1.7800014262365874e-05,0.011478294245898723,0.00016793619434381113
30,256,64,0.00877193,0.0037500000558793544,0.008926785668698032,0.001006477535702288,1.780000040615837e-05,0.011478294199332596,0.00016793608349416656
30,256,64,0.00960735,0.005000000074505806,0.012747548973935239,0.0010089700459502637,2.5418627743922042e-05,0.01150180995464325,0.00023981459041180235
30,256,64,0.01044277,0.013750000298023224,0.018498311317703683,0.0010264175361953676,3.688563379341835e-05,0.011666420195251704,0.00034800124491335535
30,256,64,0.0112782,0.016250000428408386,0.01890675284319162,0.0010363725246861576,4.9498450209053854e-05,0.011754811415448785,0.0004527405736376505
30,256,64,0.01211362,0.017916666995733976,0.01630333159041159,0.0010363825305830688,3.479692386781437e-05,0.011758592678233981,0.0003250817450228514
30,256,64,0.01294904,0.018750000279396772,0.017455300314815413,0.0010363875597249716,3.480588844836022e-05,0.01176048326306045,0.00032837965196851564
30,256,64,0.01378446,0.03208333430811763,0.025586862875254145,0.0010662875429261476,5.521521699278236e-05,0.012038891110569239,0.0005155370107096803
30,256,64,0.01461988,0.0391666672192514,0.030373828599045843,0.0010962025437038392,9.777834839552627e-05,0.01218875260092318,0.0006553142779000147
30,256,64,0.0154553,0.07068055681884289,0.04776465239787531,0.001190682500600815,0.00014260300831599358,0.013084175949916243,0.001209506851484257
30,256,64,0.01629073,0.12199965864419937,0.04705306609406904,0.0015230024815537035,0.00032662450250067504,0.015415624808520078,0.0019205578147676048
30,256,64,0.01712615,0.22859681397676468,0.07156205329347663,0.0055870927055366336,0.006129569232179598,0.02899161521345377,0.012822826879306965
30,256,64,0.01796157,0.3874871589243412,0.10124825901557898,0.22218616930767893,0.1747983309187433,0.30695124827325343,0.183689760699045
30,256,64,0.01879699,0.5534954413771629,0.09522919931718288,1.2509244829416275,0.52735438476075,1.1864222303032874,0.3015348764991132
30,256,64,0.01963241,0.6677193880081177,0.12346561142801259,1.9505294948816299,0.6923788245098558,1.6621809363365174,0.3119357242850715
30,256,64,0.02046784,0.7279604405164719,0.06422954177007895,2.2034024000167847,0.5045348768115131,1.8604359924793243,0.1752986995608341
30,256,64,0.02130326,0.7630001842975617,0.0835359986798609,2.9221506237983705,1.2443495208176263,1.995281344652176,0.27322758670497294
30,256,64,0.02213868,0.7780006259679795,0.08877790969602921,2.366865020990372,0.7616652026979208,1.954816859960556,0.25451646686371215
30,256,64,0.0229741,0.7930402845144272,0.07124049670768486,2.479498493671417,0.8453029680209503,1.9982356250286102,0.22149350967933584
30,256,64,0.02380952,0.7905615627765655,0.07687039417375409,2.4931701600551603,0.7341159358980797,2.008145332336426,0.2491522051291424
30,256,64,0.02464495,0.8056040167808532,0.0921422935998191,2.7589971721172333,1.0659860651255888,2.1092024743556976,0.3543908769799221
30,256,64,0.02548037,0.7956128776073456,0.09740197548136997,2.7344399064779283,1.322959760209088,2.0042762100696563,0.29077049315825265
30,256,64,0.02631579,0.8505983412265777,0.12047654119057336,2.5193078339099886,1.3493342893735223,2.0197470843791963,0.30837290942335155
30,256,64,0.02715121,0.9006453543901444,0.054821095399873655,2.7036985218524934,1.2914677581029095,2.106785762310028,0.2504294150629199
30,256,64,0.02798663,0.8606560975313187,0.0800510745786358,2.3332077503204345,0.9930256635025054,2.040723663568497,0.27368981986794644
35,256,64,0.00793651,0.006666666828095913,0.01166666698242937,0.001013950037304312,2.7740034947800657e-05,0.011546950833871961,0.0002561552526707902
35,256,64,0.00877193,0.00416666679084301,0.010034662478986671,0.0010139650432392955,4.490609772066211e-05,0.011483294190838933,0.00018076282288510224
35,256,64,0.00960735,0.002500000037252903,0.010897247521233321,0.0010039850429166108,2.1729124456936684e-05,0.01145477844402194,0.000205005601960347
35,256,64,0.01044277,0.005000000074505806,0.010000000149011612,0.0010089700343087315,1.9939988851547243e-05,0.01150180995464325,0.00018812604248523714
35,256,64,0.0112782,0.019166667200624942,0.022836983510946013,0.0010388750466518103,4.8831604536533647e-05,0.011782108386978508,0.00045662219372216207
35,256,64,0.01211362,0.014166667126119137,0.02237620352983347,0.0010289050289429725,4.8318981750355016e-05,0.011688045365735889,0.0004513582001197133
35,256,64,0.01294904,0.021250000409781932,0.019803724945065673,0.0010413725511170923,3.948864037547781e-05,0.011807514727115631,0.00037255950334446714
35,256,64,0.01378446,0.04166666781529784,0.04265494751261395,0.0010937100218143315,0.000102054803177929,0.012230126466602088,0.0008281257236656105
35,256,64,0.01461988,0.05416666902601719,0.037960141943989854,0.0011285750078968704,9.509256189782337e-05,0.01254800297319889,0.000808093630681525
35,256,64,0.0154553,0.09385416926816106,0.04093882527191598,0.0012579749920405448,0.0001608548348849588,0.013650038512423635,0.0012633423797321353
35,256,64,0.01629073,0.13594906404614449,0.054537151087148794,0.0016376924701035022,0.0004626011796581481,0.015839018998667596,0.0024115605990712306
35,256,64,0.01712615,0.2805217981338501,0.06215729054943713,0.00951892783632502,0.007696118848560908,0.041056709550321105,0.017634476076657073
35,256,64,0.01796157,0.5220457196235657,0.10647990359565299,1.1510629177093505,0.5654741885047739,0.7891177773475647,0.26199286368953995
35,256,64,0.01879699,0.6669835865497589,0.09317380784046828,7.761728405952454,3.207743300687509,2.042489528656006,0.3388949546744126
35,256,64,0.01963241,0.7467583000659943,0.11628499697110771,10.548307037353515,4.473804310105193,2.4114064633846284,0.29545394842782413
35,256,64,0.02046784,0.8456678539514542,0.0625629121858463,13.015491485595703,5.136420716215388,2.754862892627716,0.24493737753039388
35,256,64,0.02130326,0.8457027614116669,0.09995974675307233,16.33220729827881,7.135361449542843,2.853201115131378,0.3564738016970036
35,256,64,0.02213868,0.875716719031334,0.07504382931861112,16.32647535800934,6.843500611974858,2.8022764563560485,0.3092364526973234
35,256,64,0.0229741,0.8857175886631012,0.06151348574442937,15.30943043231964,6.494919482540965,2.8072153687477113,0.22465898092472913
35,256,64,0.02380952,0.8857616275548935,0.06349761927639304,17.6188285112381,6.9450310687662595,2.8938990950584413,0.27613889606737735
35,256,64,0.02464495,0.9058190673589707,0.09741362070569291,18.79096121788025,9.10125346117523,3.017185997962952,0.4484558120114573
35,256,64,0.02548037,0.8957842648029327,0.0974117976886537,18.51832159757614,14.56340279865884,2.8121041893959045,0.41025047701399275
35,256,64,0.02631579,0.9258088022470474,0.07668324459802188,14.057454085350036,7.8265578862450935,2.8410815715789797,0.2615716258277857
35,256,64,0.02715121,0.9157875120639801,0.06542900943051123,21.085297083854677,13.68962327318132,2.8971505045890806,0.3125554842586508
35,256,64,0.02798663,0.9107801258563996,0.07006992036784046,17.08106701374054,7.636169961159993,2.8013104677200316,0.2885649772458763
40,256,64,0.00793651,0.002500000037252903,0.00750000011175871,0.0010039850429166108,1.4955009100970034e-05,0.01145477844402194,0.00014109453186392785
40,256,64,0.00877193,0.0037500000558793544,0.008926785668698032,0.001006477535702288,1.780000040615837e-05,0.011478294245898723,0.0001679361943438111
40,256,64,0.00960735,0.0037500000558793544,0.011924240195396842,0.0010064775415230542,2.3776943878374613e-05,0.011478294199332596,0.00022432600841762189
40,256,64,0.01044277,0.00875000013038516,0.014306904141013977,0.0010164475359488278,2.8527967264673058e-05,0.011572357220575213,0.0002691501216158117
40,256,64,0.0112782,0.011666666902601718,0.015229722717351592,0.001023920060833916,3.3429237442183714e-05,0.011641013855114579,0.000311349758874223
40,256,64,0.01211362,0.013750000204890967,0.014737282872792119,0.0010264175245538354,2.938612518066991e-05,0.011666420288383961,0.00027724670180034693
40,256,64,0.01294904,0.028333334159106015,0.021794495669202812,0.0010588100412860513,4.882445520132945e-05,0.011968343798071147,0.00045395468393650304
40,256,64,0.01378446,0.05325000146403909,0.03581385233570797,0.0011161025438923388,8.07496927236147e-05,0.012498269649222493,0.0007448442379508396
40,256,64,0.01461988,0.07900000223889947,0.03570578226268197,0.0012007875193376094,0.0001204131782724951,0.013148454995825887,0.0009071518331290034
40,256,64,0.0154553,0.10893452623859048,0.04679597336570989,0.0013425749726593494,0.00017653920008847834,0.014208922442048789,0.0013786126767470542
40,256,64,0.01629073,0.21329903826117516,0.06480559788509407,0.002509637479670346,0.0009484589906744121,0.020704355044290423,0.004354097681200573
40,256,64,0.01712615,0.33160385489463806,0.09134090095278459,0.027190024475567044,0.05014710372113875,0.06179692484438419,0.04240420949013018
40,256,64,0.01796157,0.5207442104816437,0.1024882981661271,11.972614538669585,5.733904756694701,1.5201833128929139,0.48671951104597794
40,256,64,0.01879699,0.7615662962198257,0.11286397660091933,113.4931427001953,26.973219648315702,3.473921704292297,0.5947012618645479
40,256,64,0.01963241,0.833708456158638,0.049235295127835935,159.73729972839357,39.0053513798275,3.8814821243286133,0.3239697155075228
40,256,64,0.02046784,0.8981475800275802,0.06653563524270716,197.48529739379882,48.99209453618609,4.16866945028305,0.4213548688713588
40,256,64,0.02130326,0.9033783078193665,0.06983430694875288,216.17051162719727,51.15419721493125,4.198640239238739,0.3647588169897903
40,256,64,0.02213868,0.9108847379684448,0.0644859289165552,224.93560867309571,51.53656206770016,4.166070640087128,0.4623572309905761
40,256,64,0.0229741,0.9334148168563843,0.03273266899483637,245.49210662841796,48.65765675048731,4.225324916839599,0.2582250015901164
40,256,64,0.02380952,0.9334156215190887,0.06948011368432278,262.0021202087402,71.47644173884436,4.225179767608642,0.45580783780712036
40,256,64,0.02464495,0.9459303766489029,0.08056952804935184,285.4229034423828,103.90613636723025,4.298934614658355,0.4921247608266032
40,256,64,0.02548037,0.9208870321512223,0.08131706012809116,239.6667854309082,67.78007563111836,3.9615137577056885,0.5147247345014354
40,256,64,0.02631579,0.9659448266029358,0.0572842160927747,247.41938171386718,79.67790970303878,4.10161783695221,0.3981149304743632
40,256,64,0.02715121,0.9458981484174729,0.05898621950952519,263.0641403198242,77.82976391806417,4.040794539451599,0.2971838815362707
40,256,64,0.02798663,0.9509188681840897,0.05922742555681077,267.3551628112793,81.63051925121972,4.084397220611573,0.4572068456408376
45,256,64,0.00793651,0.002500000037252903,0.010897247521233321,0.0010039850429166108,2.1729124456936684e-05,0.01145477844402194,0.000205005601960347
45,256,64,0.00877193,0.002500000037252903,0.010897247521233321,0.0010039850370958448,2.1729099084805517e-05,0.01145477844402194,0.000205005601960347
45,256,64,0.00960735,0.002500000037252903,0.010897247521233323,0.0010039850370958448,2.172909908480552e-05,0.01145477844402194,0.000205005601960347
45,256,64,0.01044277,0.010000000149011612,0.020000000298023225,0.0010189400345552713,3.9879989344633035e-05,0.011595873022451996,0.0003762521781027749
45,256,64,0.0112782,0.012500000186264515,0.026809513636401897,0.0010239250375889241,5.345816664540377e-05,0.011642904533073307,0.0005043568277562723
45,256,64,0.01211362,0.02583333384245634,0.026074146994937715,0.0010538250266108663,5.874767705541914e-05,0.011921312240883709,0.0005453620480270718
45,256,64,0.01294904,0.04000000059604645,0.03741657442528981,0.0010787600243929774,7.460864547021803e-05,0.012160251103341579,0.0007039031342828877
45,256,64,0.01378446,0.060000001452863216,0.0348209716308543,0.001143475022399798,0.00010189438901194875,0.012740273959934711,0.0009135394418005885
45,256,64,0.01461988,0.08220238368958235,0.07777598624060748,0.0012679300212766974,0.00031660654230074775,0.013475115178152919,0.002096027115064282
45,256,64,0.0154553,0.12353571858257055,0.05071067089892385,0.0013674500107299537,0.00026686672070042527,0.014493962842971086,0.0019970124519663717
45,256,64,0.01629073,0.2301392648369074,0.1409664841509437,0.0026957400084938856,0.0016321199841690672,0.021249874029308558,0.007729349956953163
45,256,64,0.01712615,0.3889544293284416,0.12715643952825934,0.12667128057219088,0.1340245548842062,0.15331762488931416,0.11206171658621723
45,256,64,0.01796157,0.6586652025580406,0.15781152139606466,78.69862899780273,23.642843103605433,2.9602665305137634,0.8180779363840448
45,256,64,0.01879699,0.8136821180582047,0.112319463385883,218.59018783569337,36.65611019240309,4.216689324378967,0.58480136899294
45,256,64,0.01963241,0.8508773863315582,0.09757788463713876,295.43087539672854,48.64235694416725,4.490565693378448,0.5325709549080182
45,256,64,0.02046784,0.9509808778762817,0.06715804949764133,366.06646194458006,48.17567684529431,4.9814807057380674,0.4187624276829602
45,256,64,0.02130326,0.9359559059143067,0.0654563492915241,382.22423400878904,56.51356487422995,4.816602039337158,0.36704601170892265
45,256,64,0.02213868,0.9760080426931381,0.053672660435547394,451.63990478515626,45.74970453290647,5.080664014816284,0.29549070078060985
45,256,64,0.0229741,0.9709774076938629,0.045880591955245874,456.75724639892576,45.3467220247671,4.9895241260528564,0.27930351050315977
45,256,64,0.02380952,0.9509767174720765,0.06715549987361522,482.3304977416992,52.00841741741571,4.912840950489044,0.3800027163635305
45,256,64,0.02464495,0.9910083204507828,0.030025923439176073,521.8390609741211,52.073214201248966,5.103211069107056,0.19430328215804632
45,256,64,0.02548037,0.9809915602207184,0.05103444449984485,527.0704925537109,46.69121749569374,4.936372518539429,0.2667408206607395
45,256,64,0.02631579,0.9859837383031845,0.04775063783999456,550.6791580200195,67.33954739586125,4.9432813882827755,0.2975619723513377
45,256,64,0.02715121,0.9809831559658051,0.040033181514401925,524.7019897460938,57.018831270341124,4.840664577484131,0.2522389174083327
45,256,64,0.02798663,0.9759782642126084,0.043351163898975247,529.6847396850586,52.0387179306255,4.759320914745331,0.3185317882142768
50,256,64,0.00793651,0.004250000063329935,0.010034316269717701,0.0010074745398014784,2.0008424786396327e-05,0.011487700529396534,0.00018877167585042704
50,256,64,0.00877193,0.009328358347958593,0.014218327736688732,0.0010176007827021071,2.835133689384051e-05,0.011583237714175857,0.00026748391872876163
50,256,64,0.00960735,0.010000000149011612,0.014577379954333138,0.0010189400403760374,2.906730090586285e-05,0.011595872975885869,0.0002742384759747602
50,256,64,0.01044277,0.01416666703298688,0.017697301135752446,0.0010289050347637384,3.986499382763296e-05,0.011688045412302017,0.0003706284397820663
50,256,64,0.0112782,0.01416666703298688,0.01769730113575245,0.0010339050379116089,5.70934997237887e-05,0.011671420279890298,0.00032600599631798615
50,256,64,0.01211362,0.03666666746139526,0.02590715270395953,0.0010911875171586872,7.920480087500196e-05,0.012196589261293411,0.0006409961675975458
50,256,64,0.01294904,0.04083333453163505,0.026731692512579907,0.0010837350448127836,5.4827734460124665e-05,0.012203501351177693,0.0005147141498602948
50,256,64,0.01378446,0.05887500168755651,0.029732925890553957,0.001150982524268329,9.38586895728806e-05,0.012686939258128405,0.0006502310345850593
50,256,64,0.01461988,0.1045178595930338,0.04765442697357325,0.0013252375065349042,0.00020248179545299323,0.013945911219343543,0.0013874220047032872
50,256,64,0.0154553,0.15169543996453286,0.044483959060338044,0.0015689124935306608,0.00032940869953255775,0.015624284464865922,0.0018591176701869918
50,256,64,0.01629073,0.2878675013780594,0.08838282952989601,0.005424605094594881,0.004716442792200446,0.02965554567053914,0.010775253011549676
50,256,64,0.01712615,0.4807636648416519,0.0688913982564156,1.0916532956063747,0.5780893901814346,0.5009653978049755,0.1831029229687487
50,256,64,0.01796157,0.7278494209051132,0.08243654611570644,98.15154609680175,13.95079692053636,3.47751590013504,0.4650679196505736
50,256,64,0.01879699,0.8614506721496582,0.06593376335531805,199.60525360107422,20.474098073749683,4.4452837109565735,0.35131505627652776
50,256,64,0.01963241,0.9159484267234802,0.05273462418975725,267.6755851745605,19.893721565464904,4.817070722579956,0.2786752765007874
50,256,64,0.02046784,0.9584828525781631,0.03634758438893344,318.0568130493164,15.370007497830267,5.031788420677185,0.19678529556074187
50,256,64,0.02130326,0.9772427290678024,0.04148847404114981,357.90142517089845,23.802079698844867,5.112455916404724,0.2333689699694944
50,256,64,0.02213868,0.9810032546520233,0.024526158407341958,384.8914260864258,16.081148639701123,5.123240756988525,0.1279037093644674
50,256,64,0.0229741,0.9935142368078231,0.01786798601046164,410.28783111572267,20.17536633235039,5.164077496528625,0.09527011824428984
50,256,64,0.02380952,0.9885016143321991,0.021671102533084248,419.5360824584961,20.551777728568613,5.092184233665466,0.12593920338857373
50,256,64,0.02464495,0.9960044145584106,0.021816620264476144,444.3021942138672,32.64391131908961,5.127540040016174,0.11620158174476851
50,256,64,0.02548037,0.9859918773174285,0.03573838366210793,432.67359771728513,31.705646333715872,5.007821822166443,0.1908715604782739
50,256,64,0.02631579,0.9910015404224396,0.030028947590877163,458.19983062744143,33.688636221201,4.99582884311676,0.17834414946217667
50,256,64,0.02715121,0.9960105687379837,0.02181974098580356,454.84389038085936,28.241374676289198,4.970566749572754,0.15062930605614874
50,256,64,0.02798663,0.996005254983902,0.021814845398536047,473.1632446289062,28.66471899143838,4.943957805633545,0.1897273740247549
55,256,64,0.00793651,0.005000000074505806,0.015000000223517418,0.0010089700401294977,2.9910000739624802e-05,0.01150180995464325,0.0002821890637278557
55,256,64,0.00877193,0.007500000111758709,0.017853571337396065,0.0010139550315216184,3.560000081231674e-05,0.011548841511830688,0.00033587227783793465
55,256,64,0.00960735,0.002500000037252903,0.010897247521233321,0.0010039850370958448,2.1729099084805517e-05,0.01145477844402194,0.000205005601960347
55,256,64,0.01044277,0.030000000447034835,0.03674234668925129,0.0010588200297206641,7.32642336814926e-05,0.011972125060856343,0.000691219153758556
55,256,64,0.0112782,0.022500000335276125,0.033447720899059,0.0010438650322612375,6.669474894957404e-05,0.011831030482426286,0.0006292386190167164
55,256,64,0.01211362,0.034166667610406876,0.03854110494303115,0.0010737550328485668,8.843553050359059e-05,0.012105657020583749,0.0008199910931659625
55,256,64,0.01294904,0.048333334363996984,0.037230514297379246,0.0010986900073476137,7.721437599350387e-05,0.012344595929607748,0.0007238985226465502
55,256,64,0.01378446,0.06333333440124989,0.048762463784187415,0.0011286000371910632,0.00010501485062913516,0.012626784807071089,0.0009814155075436252
55,256,64,0.01461988,0.13158333636820316,0.08775356343119826,0.0014574600267224015,0.0003681173518274365,0.014496874716132879,0.0021184125813387914
55,256,64,0.0154553,0.22522006686776877,0.1105709012688862,0.0022015599766746163,0.0010437544136435775,0.01898651449009776,0.004713335531396253
55,256,64,0.01629073,0.3349477658048272,0.13369932637319557,0.009697154705645517,0.018556643439210575,0.03670698083005845,0.025985171850691685
55,256,64,0.01712615,0.5556938275694847,0.11310826833995656,7.776450335979462,3.9090412994661996,1.2145040199160575,0.5384054240988315
55,256,64,0.01796157,0.7972010970115662,0.12525349484232906,102.82416076660157,23.017649480692608,3.8726196885108948,0.7242441017988787
55,256,64,0.01879699,0.9209465146064758,0.06971312910878928,183.22308502197265,15.279971425823272,4.717557334899903,0.40529202600508835
55,256,64,0.01963241,0.9409558743238449,0.0800744743360318,229.18570709228516,25.90940423609596,4.876795792579651,0.415078676357257
55,256,64,0.02046784,0.9860101580619812,0.04775417912074883,274.4255172729492,17.41401745115907,5.121463775634766,0.25235072787204504
55,256,64,0.02130326,0.9910108208656311,0.03003195747900706,301.7185806274414,17.715296091782243,5.143009686470032,0.15820544507369871
55,256,64,0.02213868,1.0010144710540771,1.9719717277695923e-05,329.4971954345703,9.008447591579465,5.178246712684631,0.010500100133787889
55,256,64,0.0229741,0.9960044592618942,0.021818859708382963,337.10034637451173,14.66157913459034,5.137337160110474,0.11200256850843981
55,256,64,0.02380952,0.9910026222467423,0.03002968763505778,357.16041259765626,13.560874613413658,5.087318348884582,0.15373714042551034
55,256,64,0.02464495,1.0010135233402253,1.9525538229306132e-05,367.33446807861327,15.208996051514887,5.109290218353271,0.011332076952251096
55,256,64,0.02548037,0.9960026919841767,0.02181948730691768,371.6277908325195,22.14441311217174,5.034705734252929,0.13721109361227043
55,256,64,0.02631579,0.9960062742233277,0.021819562521012414,384.24637603759766,21.579038802166423,5.018711280822754,0.10825855782866323
55,256,64,0.02715121,1.001006692647934,1.1850499180662614e-05,386.66920166015626,15.621596075338493,5.010188579559326,0.009043959049839661
55,256,64,0.02798663,1.0010071992874146,1.0377303886189767e-05,396.45293579101565,15.62449813480133,4.97663459777832,0.0131986519951276
60,256,64,0.00793651,0.005000000074505806,0.021794495042466642,0.0010089700401294977,4.345822354174221e-05,0.01150180990807712,0.00041001100094364463
60,256,64,0.00877193,0.007500000111758709,0.017853571337396065,0.0010139550315216184,3.560000081231674e-05,0.011548841465264558,0.0003358721669883331
60,256,64,0.00960735,0.007500000111758709,0.017853571337396065,0.0010139550373423844,3.56000146685179e-05,0.011548841511830688,0.00033587227783793465
60,256,64,0.01044277,0.028333334252238274,0.04475240705966694,0.0010688100417610257,0.00012657289732909968,0.011935093486681581,0.0008309963977374615
60,256,64,0.0112782,0.03666666764765978,0.04102844672445811,0.001088740024715662,0.00011327354988162715,0.012119438266381621,0.0008292846452604691
60,256,64,0.01211362,0.04583333432674408,0.04912427694305165,0.001093705027597025,0.00010677159119657056,0.012297564279288053,0.0009969279464017726
60,256,64,0.01294904,0.08041667025536299,0.058290166412053514,0.0012133050011470913,0.00022126311380569222,0.013141436781734229,0.0014111596799350839
60,256,64,0.01378446,0.09716666880995035,0.04769725169245545,0.0013227449904661625,0.00028491305500035586,0.013858178770169616,0.0015772424541869539
60,256,64,0.01461988,0.1318333338946104,0.059558326466464966,0.0014123050030320882,0.00025428804903157256,0.014789644209668041,0.0018782562361815468
60,256,64,0.0154553,0.2403432572260499,0.0721079921114771,0.0021380749763920902,0.0007159176590006818,0.019202789943665265,0.0033735363293729845
60,256,64,0.01629073,0.3836520239710808,0.11037550404080679,0.012895760283572599,0.008400667164512212,0.046635408978909255,0.016914665070649697
60,256,64,0.01712615,0.6252604216337204,0.12550059198042418,21.183290815353395,8.51169079945395,2.11777273863554,0.7581017611673944
60,256,64,0.01796157,0.7987352669239044,0.10101510934322486,96.40394859313965,12.622712780800432,3.9064109325408936,0.5178196351396788
60,256,64,0.01879699,0.9159315407276154,0.08538445933530035,158.54327011108398,17.432507561770333,4.6660896182060245,0.4342303927361884
60,256,64,0.01963241,0.970990464091301,0.05574419503284488,204.59380264282225,14.55716631661646,4.98580687046051,0.2857757468732085
60,256,64,0.02046784,0.9960150837898254,0.021813628599393616,240.37022552490234,11.069492533745061,5.133085942268371,0.1129803215793078
60,256,64,0.02130326,1.0010103225708007,1.8710185667319527e-05,257.07938919067385,9.469605832675803,5.1593695163726805,0.009850596773952284
60,256,64,0.02213868,1.0010153651237488,1.6108192468947785e-05,280.19783477783204,8.92984323686111,5.147575688362122,0.011536417610775767
60,256,64,0.0229741,1.0010108768939971,1.963378356019404e-05,293.0492340087891,9.061307891442395,5.133665418624878,0.010203426602147321
60,256,64,0.02380952,1.0010115444660186,1.6309315412759176e-05,306.23619689941404,9.648105068141621,5.108854007720947,0.011250458279774958
60,256,64,0.02464495,1.0010023713111877,1.4972492197011687e-05,313.24962921142577,9.388106149561843,5.082491827011109,0.012048616460835644
60,256,64,0.02548037,0.9960129499435425,0.021817127212154553,321.1873611450195,14.195431486408387,5.026332688331604,0.10876864493905213
60,256,64,0.02631579,1.0010050356388092,1.1963011551398314e-05,329.7751495361328,13.167771937450308,5.0196336030960085,0.010578189400899754
60,256,64,0.02715121,0.9960017740726471,0.021819486298073062,331.28428649902344,12.096996312920387,4.956927800178528,0.1092287798639463
60,256,64,0.02798663,1.001008504629135,9.651571254140338e-06,339.68640594482423,12.022008208244293,4.947946071624756,0.00878324120307041
65,256,64,0.00793651,0.005000000074505806,0.021794495042466642,0.0010089700401294977,4.345822354174221e-05,0.01150180995464325,0.0004100112039206939
65,256,64,0.00877193,0.0,0.0,0.000999000039882958,0.0,0.011407746933400631,0.0
65,256,64,0.00960735,0.020000000298023225,0.0367423466892513,0.0010388800408691167,7.326424001833665e-05,0.011783998925238848,0.0006912190143478783
65,256,64,0.01044277,0.03583333417773247,0.04258162219396757,0.0010737650329247117,8.846088338191883e-05,0.012109438423067331,0.0008295469339970688
65,256,64,0.0112782,0.03833333421498537,0.04186619016163714,0.0010887500131502748,0.00010881669427572819,0.012123219622299074,0.0007841511207673382
65,256,64,0.01211362,0.04333333447575569,0.04576510233935364,0.001088720018742606,9.404512255515992e-05,0.012250532861799002,0.0008831225913374666
65,256,64,0.01294904,0.05941666793078184,0.04562916744853188,0.0011534550227224826,0.00016207825176098024,0.012713249260559677,0.0011201470428610562
65,256,64,0.01378446,0.13733333721756935,0.06439763896985495,0.001392665010644123,0.00020286787978321906,0.014406934613361955,0.0014841673036704965
65,256,64,0.01461988,0.14176587462425233,0.08634872151861778,0.0016007450118195265,0.00048682200030058636,0.015754948230460288,0.003333285907880918
65,256,64,0.0154553,0.1978552870452404,0.10254429192769074,0.0020962949900422247,0.0009228099230075248,0.018464928679168224,0.004915087464053967
65,256,64,0.01629073,0.4078437538817525,0.15855076683321656,0.0642255452752579,0.1065545257882063,0.08612692588940263,0.06525114936285803
65,256,64,0.01712615,0.6936472415924072,0.12958686750350673,33.83031072616577,8.17755931460492,2.8014465808868407,0.6765891834852271
65,256,64,0.01796157,0.8621090203523636,0.07691631776357288,98.913671875,10.228050022567617,4.251128530502319,0.369497528852535
65,256,64,0.01879699,0.9609698504209518,0.06641259666720445,149.2740734100342,12.499180869726873,4.864973354339599,0.33612833695201166
65,256,64,0.01963241,0.9860038667917251,0.04773682180558304,188.27567443847656,12.608328723937632,5.041093850135804,0.24752119733480593
65,256,64,0.02046784,0.9859986811876297,0.035737539250639244,211.00193557739257,10.058043014113428,5.0551185131073,0.18103465245052833
65,256,64,0.02130326,0.9959919601678848,0.021821685365004978,228.06131439208986,8.622742390456043,5.103982830047608,0.11240724877557727
65,256,64,0.02213868,0.9909962803125382,0.030031550971121253,247.24201431274415,11.056095617948309,5.073359179496765,0.15399917552769438
65,256,64,0.0229741,1.001010537147522,1.5933114250448344e-05,261.808650970459,8.855435105999529,5.110198378562927,0.008478914527637708
65,256,64,0.02380952,1.001004296541214,1.3887410247952122e-05,273.62534484863284,6.815908848457648,5.087893462181091,0.010608745928937282
65,256,64,0.02464495,1.0010076224803925,1.3025843388173559e-05,279.28743438720704,9.683676921210491,5.063310003280639,0.011551672788186789
65,256,64,0.02548037,1.0010060012340545,1.4190686796535568e-05,286.4835922241211,9.479602789704094,5.037443470954895,0.011369237364877332
65,256,64,0.02631579,1.0010093450546265,1.393392914654642e-05,294.4110397338867,10.818775705690934,5.001674389839172,0.010216057828679573
65,256,64,0.02715121,1.001004123687744,1.1485776384008447e-05,297.85323333740234,6.799207198910519,4.96975257396698,0.007402145308391871
65,256,64,0.02798663,1.0010042071342469,1.0663995576911373e-05,298.75171051025393,7.204175349045987,4.933003664016724,0.007648258708024552
70,256,64,0.00793651,0.005000000074505806,0.015000000223517418,0.0010089700401294977,2.9910000739624802e-05,0.01150180995464325,0.0002821890637278557
70,256,64,0.00877193,0.010000000149011612,0.02549509794787048,0.0010189400345552713,5.0837216675263846e-05,0.011595872975885869,0.0004796291808236047
70,256,64,0.00960735,0.005000000074505806,0.01500000022351742,0.0010089700401294977,2.9910000739624802e-05,0.011501810001209378,0.00028218920342628023
70,256,64,0.01044277,0.027500000409781934,0.029474565745584238,0.001053835026687011,5.8772273565763927e-05,0.011925093596801162,0.0005544933680533984
70,256,64,0.0112782,0.03583333417773247,0.041340390293095816,0.0010886600182857364,0.00011739447188868437,0.012230490194633603,0.0010585905051527361
70,256,64,0.01211362,0.03125000074505806,0.040983992026710686,0.0010987600253429264,0.00019963999597064804,0.01198212499730289,0.0007587405114516985
70,256,64,0.01294904,0.06958333551883697,0.06642011936934246,0.0011684500263072551,0.00019455437340563445,0.012854358414188027,0.001430621683690956
70,256,64,0.01378446,0.13650000430643558,0.0701702303802933,0.0013626950269099325,0.00024456012779760784,0.014500445360317827,0.0018632570875762489
70,256,64,0.01461988,0.15135348197072745,0.07767763734114955,0.001809735014103353,0.0007303681356963995,0.016148551553487777,0.0028111894095334488
70,256,64,0.0154553,0.2856955859810114,0.1006709941107227,0.0027475399896502496,0.001307448842388398,0.02134176343679428,0.004656087249112456
70,256,64,0.01629073,0.4882894679903984,0.12584699174227187,0.1353094464400783,0.15636099728921604,0.13328040400519967,0.08760671996477172
70,256,64,0.01712615,0.7811439216136933,0.1285790638596277,42.53519248962402,8.156652513818845,3.3009317994117735,0.6256051359870812
70,256,64,0.01796157,0.8825588136911392,0.0835692811629144,96.06631011962891,11.173304447417522,4.3361276388168335,0.43987040493687324
70,256,64,0.01879699,0.9709683209657669,0.045872758460098736,140.89366340637207,7.3557604406540005,4.893739151954651,0.23016384261085612
70,256,64,0.01963241,0.9909935802221298,0.03002851201579808,169.57972869873046,6.814087099497576,5.038998150825501,0.1530237442266609
70,256,64,0.02046784,1.0010065734386444,2.259624189859097e-05,194.25861282348632,3.8820379533758134,5.114128684997558,0.008450847946244084
70,256,64,0.02130326,1.001001924276352,2.4327513642058898e-05,211.20955581665038,7.456473279259877,5.1180973768234255,0.010546608336204714
70,256,64,0.02213868,1.000997644662857,1.983311841488578e-05,225.7099266052246,6.616454030075297,5.106788444519043,0.011781505683705654
70,256,64,0.0229741,0.9959992617368698,0.021814167974391774,237.60150070190429,6.391842520156449,5.071149444580078,0.10989019390919298
70,256,64,0.02380952,1.0010074734687806,2.0584620915557246e-05,248.1635711669922,8.04691855113937,5.076757836341858,0.009155054006920942
70,256,64,0.02464495,1.0010059833526612,1.1814933661821409e-05,254.39445724487305,5.509764959313218,5.0483201265335085,0.008966566776160003
70,256,64,0.02548037,1.0010022938251495,1.2788177578356417e-05,259.20509948730466,7.684085524205471,5.02110185623169,0.0099785244708368
70,256,64,0.02631579,1.00100719332695,1.2791022060481312e-05,264.239820098877,7.689000372154854,4.991344046592713,0.009165125069228872
70,256,64,0.02715121,1.0010034024715424,1.4523306200530302e-05,268.84815673828126,7.726889588646242,4.958590245246887,0.008143741822965952
70,256,64,0.02798663,1.0010026037693023,1.0366238233589945e-05,270.8967086791992,5.897561341197682,4.921393728256225,0.01112460792611365
75,256,64,0.00793651,0.007500000111758709,0.011456439408103848,0.0010139550431631505,2.284414484995162e-05,0.011548841511830688,0.00021552552860128977
75,256,64,0.00877193,0.01541666705161333,0.017534688484944484,0.0010363975306972861,5.6601283244679084e-05,0.011694935942068696,0.0003230877591871898
75,256,64,0.00960735,0.021250000409781932,0.01980372494506567,0.0010413725394755602,3.948863082298584e-05,0.011807514913380146,0.00037255965618455223
75,256,64,0.01044277,0.021666667051613332,0.018333333646031943,0.0010488600411918015,4.98800056447592e-05,0.011812514811754226,0.000343309661594275
75,256,64,0.0112782,0.04166666800156236,0.028259709379858944,0.0010937100276350975,7.544963016065704e-05,0.012230126373469829,0.0005719920110766043
75,256,64,0.01211362,0.0597083349712193,0.04206251658787125,0.0011559875041712076,0.00011060788463755075,0.012669088039547204,0.0009526483880014831
75,256,64,0.01294904,0.07825000192970037,0.045670090111296656,0.0012182550330180676,0.00015786908071421595,0.013117080880329013,0.0010528902871715547
75,256,64,0.01378446,0.12645833510905505,0.05498224192168769,0.0013353574962820859,0.00017329466162179546,0.01419743588194251,0.00120580235970454
75,256,64,0.01461988,0.1926656775176525,0.06957404352253048,0.0018920924921985716,0.0005549850090742981,0.017167047411203385,0.002679936285412976
75,256,64,0.0154553,0.3110774219036102,0.08460296927524596,0.004058537515811622,0.0015542783875198867,0.02659255135804415,0.006034668324414781
75,256,64,0.01629073,0.5280856788158417,0.0901506900730682,1.9193287188187242,0.9243675902241074,0.5687866400927305,0.2515660670700526
75,256,64,0.01712615,0.7419174581766128,0.08869485595916662,43.781067276000975,6.593700931403464,3.276437532901764,0.44465605070381514
75,256,64,0.01796157,0.9209220588207245,0.04002490776410059,96.78135719299317,5.141657283575597,4.547544836997986,0.1965600321515864
75,256,64,0.01879699,0.9734819382429123,0.04027173106301408,132.48777542114257,5.664466296019284,4.891412854194641,0.20160862521491987
75,256,64,0.01963241,0.990993109345436,0.025520727562601587,158.86731033325196,5.253782825581197,5.025601768493653,0.12627202501983747
75,256,64,0.02046784,1.0010050117969513,1.4095623924756168e-05,178.78511962890624,3.0541654880728504,5.095932149887085,0.00462071975038593
75,256,64,0.02130326,0.9985014140605927,0.010908944244380806,193.92819747924804,4.664814627711729,5.089730763435364,0.05684792986250611
75,256,64,0.02213868,1.0010106027126313,1.9541470737398993e-05,208.01765670776368,5.2018967304914,5.098735189437866,0.005800753047547547
75,256,64,0.0229741,1.001003134250641,1.105372275447325e-05,216.94106674194336,4.939317379917098,5.082040119171142,0.007338587531680525
75,256,64,0.02380952,1.001007068157196,1.130408963185792e-05,228.1186164855957,4.353267841882256,5.0644131898880005,0.007998867555982822
75,256,64,0.02464495,1.001002061367035,1.936004005690344e-05,234.86107177734374,6.778374540309984,5.0432604312896725,0.01009032777560744
75,256,64,0.02548037,1.0010026752948762,1.3375073775962802e-05,237.15562286376954,6.062846303130401,5.0068697214126585,0.011859606320622853
75,256,64,0.02631579,1.0010022699832917,1.5473911078518136e-05,243.0684898376465,5.8459860248668285,4.9807535886764525,0.009110157716014183
75,256,64,0.02715121,1.0010039687156678,1.1919909672076255e-05,246.99055557250978,5.11958268404965,4.948027539253235,0.008801384142179274
75,256,64,0.02798663,1.0009986758232117,1.3306955539172373e-05,247.95843963623048,7.981460727877085,4.912355566024781,0.011783062728074454
80,256,64,0.00793651,0.02000000048428774,0.03674234734828343,0.0010388800292275846,7.32642225920077e-05,0.011783999064937234,0.0006912192551480848
80,256,64,0.00877193,0.012500000186264515,0.03112474945876673,0.0010239250375889241,6.206274752415849e-05,0.011642904439941048,0.0005855374542672105
80,256,64,0.00960735,0.023333333991467954,0.038873013956917404,0.0010588400298729538,0.0001197133325505336,0.01184103055857122,0.0007179688828329577
80,256,64,0.01044277,0.04875000063329935,0.0490376135108159,0.001103655039332807,0.00011985270206531576,0.012385387206450105,0.0010991656836189033
80,256,64,0.0112782,0.0579166678711772,0.03470860933626022,0.0011385600024368613,0.00011963008289719348,0.012579731922596694,0.0008111576444231528
80,256,64,0.01211362,0.06833333484828472,0.05600099342875086,0.0011485700320918112,0.00013565812229911838,0.0126875976100564,0.001048904994944513
80,256,64,0.01294904,0.11133333593606949,0.06714743378087368,0.0013578500016592442,0.0003444057205075534,0.013847398199141025,0.001691918931115426
80,256,64,0.01378446,0.14111310057342052,0.08057579357861377,0.0015718449896667153,0.0006207294266120753,0.014957452146336436,0.0022471294317132585
80,256,64,0.01461988,0.21429576724767685,0.11724220250049414,0.002073670004028827,0.0007732409613505572,0.018043776508420706,0.0045967259481212224
80,256,64,0.0154553,0.349109511077404,0.1223550666387671,0.0061161800287663935,0.004196815796280353,0.03316696062684059,0.012417088393070853
80,256,64,0.01629073,0.6084361761808396,0.09222409949640215,7.161162515729666,3.092488997476585,1.4328597590327263,0.5843934445539801
80,256,64,0.01712615,0.858283793926239,0.10786156130561748,54.13710670471191,8.033799110279409,3.9589315533638,0.5248361361213829
80,256,64,0.01796157,0.951790851354599,0.052627231183784325,95.09196166992187,7.041924206032597,4.662896525859833,0.2908455243236425
80,256,64,0.01879699,0.9960016280412674,0.021822856369723205,127.65916328430175,5.624129793992295,4.991546249389648,0.10974055547357374
80,256,64,0.01963241,0.9960092276334762,0.02181976831502705,149.43572692871095,7.790773165370521,5.04093108177185,0.11582390298810132
80,256,64,0.02046784,0.9960052818059921,0.021804724391946185,168.18374328613282,5.046783371244334,5.063609790802002,0.10596431561019451
80,256,64,0.02130326,1.0010033249855042,1.6239416458730804e-05,182.14790420532228,5.370784635068169,5.092019701004029,0.011506050793067235
80,256,64,0.02213868,1.0010043263435364,1.8521836227255072e-05,194.12850112915038,5.403577788447884,5.089153671264649,0.009438994277814954
80,256,64,0.0229741,1.0010006189346314,1.7981037028456665e-05,204.2235107421875,5.983290770631175,5.0757554292678835,0.010422588574549614
80,256,64,0.02380952,1.0010044395923614,1.7758274408131422e-05,212.3467575073242,4.486595832610811,5.052598381042481,0.006825493116438081
80,256,64,0.02464495,1.001001226902008,1.3737591841178241e-05,217.13420486450195,4.733203640246574,5.0306748151779175,0.007602961825212926
80,256,64,0.02548037,1.0010010540485381,1.0808836838449255e-05,222.6087303161621,6.9776213617938305,5.005537414550782,0.012593220543649463
80,256,64,0.02631579,1.0010065495967866,1.3482063393110926e-05,225.7298385620117,4.581872092189013,4.974630737304688,0.007576865949358637
80,256,64,0.02715121,1.0010001063346863,1.13161894411013e-05,229.15075607299804,5.613763664162151,4.944099879264831,0.009619466778652672
80,256,64,0.02798663,1.0009999930858613,1.2241260296453058e-05,231.17994766235353,3.522838246039367,4.908356404304504,0.008717916364369057
85,256,64,0.00793651,0.012500000186264515,0.02165063541723057,0.0010239250375889241,4.317136240528065e-05,0.011642904533073307,0.00040730491041905833
85,256,64,0.00877193,0.007500000111758709,0.017853571337396065,0.0010139550315216184,3.560000081231674e-05,0.011548841511830688,0.00033587227783793465
85,256,64,0.00960735,0.027500000782310963,0.0486698074977071,0.001053835026687011,9.70475765474175e-05,0.011925093457102775,0.0009156055616129431
85,256,64,0.01044277,0.03208333384245634,0.03315315925342433,0.0010837350273504853,0.00013103132339092893,0.012072399910539388,0.0007589169869485886
85,256,64,0.0112782,0.06416666898876429,0.0615257420542182,0.00115351501153782,0.00015598260286317045,0.012719504022970795,0.0012636781747270315
85,256,64,0.01211362,0.05025000162422657,0.052079735974270736,0.0011384900251869112,0.0001820420893967473,0.01256837360560894,0.0013357661791693354
85,256,64,0.01294904,0.14595238398760557,0.073999757907755,0.0014872600091621279,0.00036729709017820035,0.014791163615882397,0.001820797193994584
85,256,64,0.01378446,0.15135515853762627,0.10474416725148254,0.0016265400045085698,0.0006370931647003207,0.015189934475347399,0.0029368576770772863
85,256,64,0.01461988,0.24775590002536774,0.08278836065491578,0.0025057449645828457,0.0008010199664551484,0.019836755422875284,0.003452538055977863
85,256,64,0.0154553,0.40237008333206176,0.09913468077869922,0.020587579457787795,0.031282018373944266,0.04478604607284069,0.021401154151033705
85,256,64,0.01629073,0.6011717841029167,0.16606250301634545,11.60680433511734,5.179499995166528,1.8382405892014504,0.7804192284793713
85,256,64,0.01712615,0.8888071238994598,0.06804883668718577,57.50401859283447,5.267017937767921,4.153832125663757,0.33889658101927717
85,256,64,0.01796157,0.9659645855426788,0.06543290421260486,94.6287166595459,6.101410204607433,4.754966127872467,0.32193938570819164
85,256,64,0.01879699,0.996000126004219,0.02181327628403262,121.53996810913085,4.131388886019871,4.981468605995178,0.11120911522962816
85,256,64,0.01963241,1.0009961307048798,2.9759693055557938e-05,140.551522064209,4.062767760109379,5.05203857421875,0.00784089850559992
85,256,64,0.02046784,1.0010034620761872,2.1392812820869444e-05,158.6906311035156,3.212055230991264,5.080264949798584,0.00979007672083909
85,256,64,0.02130326,1.0010043859481812,1.953179365198666e-05,171.57165756225587,5.455531607903451,5.08948860168457,0.008434846196965093
85,256,64,0.02213868,1.0010019361972808,1.5520997997717077e-05,183.02439193725587,4.50601257079468,5.078906106948852,0.009005598135174092
85,256,64,0.0229741,1.0010013461112977,1.8830649696746734e-05,191.1630889892578,4.084281705996465,5.070374298095703,0.00898665354959507
85,256,64,0.02380952,1.0010039508342743,1.8604895516377416e-05,199.9206871032715,3.922917621189287,5.052205300331115,0.009465405563768865
85,256,64,0.02464495,1.001000952720642,1.2965477663058008e-05,203.77680587768555,3.9942338373803996,5.025563168525696,0.012387482016622766
85,256,64,0.02548037,1.0009977996349335,1.3947297109225818e-05,208.83324508666993,4.33438583583497,4.999740958213806,0.008970598355088837
85,256,64,0.02631579,1.0010032653808594,1.2535467566023123e-05,212.5844711303711,4.827110538383328,4.968348169326783,0.010108448813716695
85,256,64,0.02715121,1.0010070741176604,1.4128160505170331e-05,213.03522338867188,3.861397412228508,4.935117888450622,0.013052989486998349
85,256,64,0.02798663,1.0010007202625275,1.003932446408282e-05,218.9154930114746,3.7125838022856166,4.898099255561829,0.009628608820423773
90,256,64,0.00793651,0.01750000026077032,0.028613808282027954,0.0010338950320146977,5.7055924358085424e-05,0.011736967600882053,0.000538300349012726
90,256,64,0.00877193,0.015000000223517418,0.027838822228980882,0.001028910040622577,5.551061207009644e-05,0.011689935997128486,0.0005237207375347749
90,256,64,0.00960735,0.03333333395421505,0.033333333954215054,0.0010687800240702927,7.118184309218001e-05,0.012062406819313764,0.0006650296449353645
90,256,64,0.01044277,0.050000001303851606,0.038729834680437565,0.0011086400307249277,8.857367919245333e-05,0.012431096145883202,0.0008206027351413604
90,256,64,0.0112782,0.08833333589136601,0.06526654928641888,0.0012332250364124775,0.0002024913523065114,0.013323322776705027,0.0015242224927305105
90,256,64,0.01211362,0.09833333529531955,0.07024757926558718,0.0012830550200305878,0.00030595726735433863,0.013535223342478276,0.0017099507155990123
90,256,64,0.01294904,0.12174784038215876,0.08010026778243394,0.0014221650257240982,0.0003770344682186357,0.014405340794473887,0.002251786978758189
90,256,64,0.01378446,0.18103571869432927,0.10639280626138224,0.0016017349844332784,0.0004002895002218715,0.01591779771260917,0.002876644952288726
90,256,64,0.01461988,0.2814444208517671,0.10069729671136471,0.003284085000632331,0.0017228842551392826,0.02309738826006651,0.006778593766907091
90,256,64,0.0154553,0.413108317553997,0.09568156485276991,0.02377063501626253,0.026843684088840417,0.05325140422210097,0.0255659741839288
90,256,64,0.01629073,0.6856195598840713,0.1394600887663732,17.441268587112425,5.038834273616857,2.461087566614151,0.6790696148631538
90,256,64,0.01712615,0.9017047554254531,0.07558052150259562,58.17212829589844,6.913584640777029,4.207701623439789,0.41835849607230524
90,256,64,0.01796157,0.9709746599197387,0.05572364705453982,92.65482559204102,5.298797336066535,4.777894854545593,0.2707152355063892
90,256,64,0.01879699,1.0010102987289429,2.2091671788226236e-05,117.40387649536133,3.1718931420558074,4.998289752006531,0.010405963878771293
90,256,64,0.01963241,1.0009988963603973,2.5082815113267137e-05,133.29319534301757,3.3386532414246908,5.046285700798035,0.010560388781446996
90,256,64,0.02046784,1.0009927213191987,2.3900332120908796e-05,150.6442611694336,3.9100536582563183,5.070197534561157,0.009781470975870333
90,256,64,0.02130326,1.0009928464889526,2.907148710038111e-05,161.0158493041992,3.237605576744194,5.075791501998902,0.010025174039315797
90,256,64,0.02213868,1.0010027170181275,1.7933546939627177e-05,174.05549240112305,3.886750126228238,5.07408127784729,0.00899220262419032
90,256,64,0.0229741,1.0010014653205872,1.4108654863530767e-05,181.45152053833007,4.596025856091518,5.060782051086425,0.01024257389088465
90,256,64,0.02380952,1.0010007560253142,1.4461638278157969e-05,190.4291847229004,3.9729658502119087,5.04327244758606,0.009146169946942666
90,256,64,0.02464495,1.0010072112083435,1.2592581201505349e-05,192.82275466918946,3.660237355200909,5.018478012084961,0.010932181136511187
90,256,64,0.02548037,1.0009962320327759,1.3396758841402672e-05,196.01107940673828,3.7369942218198475,4.988947963714599,0.010436134184936332
90,256,64,0.02631579,1.0010005295276643,1.0336928538942447e-05,199.7536720275879,4.620215395476681,4.961409687995911,0.008850175902254792
90,256,64,0.02715121,1.0010016918182374,1.4358490467926895e-05,202.08354263305665,3.8564260701873936,4.931056833267212,0.008916300741231354
90,256,64,0.02798663,1.0010031461715698,1.0102028998216577e-05,204.46803970336913,4.234532587897913,4.895881080627442,0.010639784522330584
95,256,64,0.00793651,0.012500000186264515,0.021650635417230567,0.0010239250317681582,4.31713523234149e-05,0.011642904626205564,0.00040730507172888136
95,256,64,0.00877193,0.01833333373069763,0.025221243864496715,0.001048870017984882,9.199476516398123e-05,0.011746967490762473,0.0004641301517293051
95,256,64,0.00960735,0.01833333373069763,0.025221243864496715,0.0010388700291514396,5.810713976306308e-05,0.011780217848718166,0.0005382537971723606
95,256,64,0.01044277,0.05750000141561031,0.05309190263396042,0.0011235950281843544,0.00011309902504097474,0.012572190724313259,0.0010567736439109166
95,256,64,0.0112782,0.04900000113993883,0.045486262714800337,0.0011385500081814825,0.00017660794641318915,0.012451081722974777,0.00104600950332447
95,256,64,0.01211362,0.09566666893661022,0.07560754096587033,0.0012829550192691385,0.000260301441522987,0.0136349075473845,0.0018131342463851496
95,256,64,0.01294904,0.1259166704490781,0.07638258166237569,0.0014226750237867237,0.00035657731775335,0.014208517642691732,0.0017914541807515542
95,256,64,0.01378446,0.17023809999227524,0.09450011957677282,0.0014870600425638258,0.00033580433967041336,0.015477607166394592,0.002732965269005896
95,256,64,0.01461988,0.32000164315104485,0.11200949233263928,0.003466605005087331,0.0017026489055979178,0.02435659421607852,0.006363480894743115
95,256,64,0.0154553,0.43781291171908376,0.11576619869493626,0.09002726911567152,0.12843988436711776,0.08341510491445661,0.05375239030050064
95,256,64,0.01629073,0.706154716014862,0.11403030538311969,21.800789022445677,3.9605276834341008,2.7807790756225588,0.5002600540236658
95,256,64,0.01712615,0.9067308455705643,0.1080309238921187,59.803613090515135,8.230774643710268,4.303392446041107,0.542580497061457
95,256,64,0.01796157,0.9759746491909027,0.043342323436928336,91.23875923156739,6.012219978715618,4.799536180496216,0.20976769639481715
95,256,64,0.01879699,1.001003921031952,2.7454717220592682e-05,112.7841796875,3.747566727397212,4.995568895339966,0.010911970366990958
95,256,64,0.01963241,1.0010063111782075,1.8303711049481214e-05,131.55216789245605,2.8046660013595157,5.042849230766296,0.006849425387854192
95,256,64,0.02046784,1.001007080078125,1.8960761214719067e-05,144.28784866333007,2.7872800422302344,5.061415290832519,0.01174672467484742
95,256,64,0.02130326,1.0010101556777955,2.1681957829355203e-05,155.97931137084962,4.915673928469244,5.074855804443359,0.007196688612506321
95,256,64,0.02213868,1.0009943842887878,2.1786504642629386e-05,164.64694519042968,3.4888331058928275,5.068728089332581,0.011780699106172578
95,256,64,0.0229741,1.0009985387325286,1.9418504454232106e-05,174.39092178344725,3.7282176396082,5.052831554412842,0.008262025133945933
95,256,64,0.02380952,1.0010033190250396,1.4894077286135376e-05,182.2090690612793,3.554914357508601,5.039203834533692,0.009597701476445989
95,256,64,0.02464495,1.0010013163089753,1.290790981613286e-05,184.14085540771484,3.747093982335012,5.0175864696502686,0.008064841096534152
95,256,64,0.02548037,1.0010046780109405,1.1379166740452077e-05,187.43658447265625,4.3421018733123775,4.987907910346985,0.008760082295348024
95,256,64,0.02631579,1.0009988725185395,7.89866350525103e-06,190.63423233032228,4.009718255098715,4.958141040802002,0.009271395787851525
95,256,64,0.02715121,1.0010013937950135,1.3016273395586654e-05,193.3800842285156,2.8899335602885934,4.927655267715454,0.010948278237807063
95,256,64,0.02798663,1.0010000586509704,1.2370679453793965e-05,195.3466552734375,2.7544119628490917,4.892805528640747,0.010778327462086278
100,256,64,0.00793651,0.013750000298023224,0.021614521168232582,0.0010264175361953676,4.3099356200783396e-05,0.011666420288383961,0.0004066254998319352
100,256,64,0.00877193,0.017083333805203438,0.02180644084504645,0.0010413775336928666,5.745813426655139e-05,0.011740076867863537,0.0004228827465233925
100,256,64,0.00960735,0.03229166772216559,0.022587600422588498,0.0010787400358822196,6.382509457696271e-05,0.012087137810885907,0.00047707176422005413
100,256,64,0.01044277,0.051250001322478055,0.029406749915977647,0.0011335499992128461,9.981279828148924e-05,0.012529480550438166,0.0006613893157469003
100,256,64,0.0112782,0.08420833582058548,0.044480392501560634,0.0012382100103423,0.00013695974343010624,0.01324614672921598,0.0010715634401184963
100,256,64,0.01211362,0.12645833743736148,0.05344511606751802,0.0013552475022152067,0.00020730355968649164,0.014249442145228386,0.0013934473353646288
100,256,64,0.01294904,0.13630952760577203,0.06460075197236179,0.0014647225034423172,0.0004037619704674991,0.014737239852547646,0.002138737112442164
100,256,64,0.01378446,0.21199504658579826,0.06429959992484607,0.001963840005919337,0.0005723508120690457,0.01767043969593942,0.0027223852304910025
100,256,64,0.01461988,0.2753331487067044,0.07359147838205181,0.003413650026777759,0.0016516176233359525,0.02309916839003563,0.00530578927508942
100,256,64,0.0154553,0.4807634726166725,0.07243538297822452,0.21619456801563502,0.17381431326784436,0.1212089367210865,0.044899221328306954
100,256,64,0.01629073,0.7752371072769165,0.07724325919271671,26.32674283981323,3.7871556161613076,3.1407166361808776,0.4231352256576525
100,256,64,0.01712615,0.9421774834394455,0.06244525767254901,62.47043228149414,5.346457535150632,4.492335319519043,0.319683779325341
100,256,64,0.01796157,0.9859918475151062,0.02293526322727991,88.38315925598144,2.6942372594155457,4.844061255455017,0.11259603648375076
100,256,64,0.01879699,1.0009972333908081,1.4147958169086571e-05,109.19373931884766,2.5833528819731195,4.994378852844238,0.00658048158049656
100,256,64,0.01963241,1.0009925186634063,2.098030240699732e-05,125.93890838623047,2.4351585432933645,5.038286399841309,0.005821786279317624
100,256,64,0.02046784,1.0010045647621155,1.423699830952164e-05,138.01609802246094,2.6309089490965873,5.057663130760193,0.005225974180258841
100,256,64,0.02130326,1.001002699136734,1.0071236165142308e-05,148.65313186645508,1.9099109610478584,5.063493847846985,0.0063431991625566815
100,256,64,0.02213868,1.0009982407093048,1.1639691421890272e-05,159.16071853637695,1.8911180796457396,5.06061201095581,0.005662446482605778
100,256,64,0.0229741,1.00099835395813,1.4026967616885008e-05,166.0062156677246,2.4873486213856983,5.051364803314209,0.006564153530340884
100,256,64,0.02380952,1.0009966015815734,9.511220575587854e-06,171.14420623779296,2.7766703234496863,5.030750823020935,0.00720992446943772
100,256,64,0.02464495,1.001000213623047,1.878499364411007e-05,175.3896270751953,3.217408145408414,5.0084031343460085,0.012725490140643989
100,256,64,0.02548037,1.000998055934906,1.7213181598692494e-05,179.65797119140626,3.5370478097435676,4.984996485710144,0.009689173117840793
100,256,64,0.02631579,1.001000052690506,1.0845980277369957e-05,181.2286750793457,4.016355538744521,4.956599855422974,0.008314703758384187
100,256,64,0.02715121,1.0009981870651246,9.350705547733388e-06,184.24608612060547,2.614719685611259,4.921796989440918,0.008319219480425105
100,256,64,0.02798663,1.0010071098804474,1.0936299141111252e-05,186.25921707153321,3.1230154623274586,4.888640069961548,0.010835958619207943
105,256,64,0.00793651,0.02500000037252903,0.029580399356280374,0.0010488500236533582,5.8983302137723146e-05,0.011878062086179853,0.0005564843776663228
105,256,64,0.00877193,0.01750000026077032,0.03269174256369997,0.0010338950320146977,6.518732663267643e-05,0.011736967554315924,0.0006150168521740839
105,256,64,0.00960735,0.05000000149011612,0.04472136118822961,0.0011086400132626294,9.916306737135892e-05,0.012431096192449332,0.0009221421453817318
105,256,64,0.01044277,0.05500000175088644,0.05159942045321244,0.001163505023578182,0.00018463376545042678,0.012552693346515298,0.0010677412329784225
105,256,64,0.0112782,0.06833333559334279,0.042703761632395074,0.0011834050063043832,0.00013476776378644944,0.012864351319149137,0.0009384133224928279
105,256,64,0.01211362,0.14936905186623334,0.09959693042123922,0.0015621749917045236,0.0005277020310511538,0.014828535029664636,0.0023564974216235203
105,256,64,0.01294904,0.15395833645015955,0.07992048252182549,0.0015219050110317767,0.00035740558044527326,0.015310714673250913,0.002246543464500463
105,256,64,0.01378446,0.21332143526524305,0.09700143122813308,0.001860064984066412,0.0004790564031892241,0.017436645040288568,0.0030456730766087975
105,256,64,0.01461988,0.3351180527359247,0.12168486503605261,0.006345230143051594,0.006119618606239509,0.0287543959915638,0.011590380808849962
105,256,64,0.0154553,0.598335613310337,0.13861535585147014,2.5555423982441425,1.4576011231093637,0.5698720671236515,0.29273119394426594
105,256,64,0.01629073,0.822110453248024,0.0779196279238844,31.15870580673218,3.6093432271003674,3.548692560195923,0.381283245678116
105,256,64,0.01712615,0.963456904888153,0.06307460150233779,64.13186855316162,3.6074200678254176,4.58033801317215,0.34943708964400194
105,256,64,0.01796157,0.9909822255373001,0.030031958390094354,87.66885910034179,4.391879509062293,4.871471095085144,0.1455257578676345
105,256,64,0.01879699,1.0010108947753906,2.948458089730382e-05,105.84867439270019,2.6060515108861826,4.990996408462524,0.009070486850611643
105,256,64,0.01963241,1.0009961903095246,2.7182940529430632e-05,122.40387344360352,3.01480442073099,5.037688279151917,0.009845799649102824
105,256,64,0.02046784,1.0009955048561097,1.7008909932681274e-05,134.15006942749022,2.6735912283035397,5.052228808403015,0.009235870604743034
105,256,64,0.02130326,1.0010051906108857,1.9074278867170255e-05,143.39944915771486,2.7756853920246747,5.059033346176148,0.008520825364230733
105,256,64,0.02213868,1.001003521680832,1.60220245404229e-05,153.59645919799806,3.1836644758901502,5.057850003242493,0.007749722647771698
105,256,64,0.0229741,1.0009960234165192,1.9380031141867328e-05,160.38150177001953,3.1111052787012032,5.047999262809753,0.008666254039475633
105,256,64,0.02380952,1.0010032176971435,1.590389534573788e-05,164.89862060546875,2.2034333739969822,5.0289819717407225,0.01113500721082423
105,256,64,0.02464495,1.0009968996047973,9.769228553501151e-06,169.66914291381835,2.560294791309034,5.006226325035096,0.00942784616548227
105,256,64,0.02548037,1.0010042130947112,1.6101396893652276e-05,172.84962844848633,3.5892489690347706,4.979972982406617,0.011602075399601081
105,256,64,0.02631579,1.0009976923465729,1.354764538039862e-05,175.6694007873535,3.0186022319989165,4.952914237976074,0.007748406118658467
105,256,64,0.02715121,1.0010002911090852,1.3376083101431701e-05,177.86241989135743,3.2736937706530607,4.921254730224609,0.011441000872273024
105,256,64,0.02798663,1.0009991705417634,9.95617224104993e-06,179.73026962280272,2.822439828224625,4.889145541191101,0.012081037674671233
110,256,64,0.00793651,0.010000000149011612,0.02549509794787048,0.0010189400403760374,5.0837225807634196e-05,0.011595873022451996,0.00047962925388259564
110,256,64,0.00877193,0.04083333406597376,0.030493624665475737,0.0010937350161839277,9.184984506207795e-05,0.012170251179486512,0.000569372647685212
110,256,64,0.00960735,0.043333334289491175,0.03993049633417946,0.001088720018742606,8.280379302155063e-05,0.012250532768666745,0.0007764972735206954
110,256,64,0.01044277,0.06500000171363354,0.04769696145848273,0.0011585500149521976,0.000135322252160755,0.012646784912794829,0.0009009564038139895
110,256,64,0.0112782,0.09566666930913925,0.06343062928528238,0.001258230023086071,0.00023254873209719383,0.013317648693919182,0.0013349675832042308
110,256,64,0.01211362,0.09591666739434004,0.06152342488519532,0.0012879699934273958,0.0003052193457917843,0.013567936979234219,0.001689205574039567
110,256,64,0.01294904,0.16921212133020164,0.06870300162560158,0.0017109249951317907,0.0004305288005791588,0.016092174779623748,0.002292850615982393
110,256,64,0.01378446,0.27689881101250646,0.12022430053608192,0.0026109499391168355,0.0010283436246838948,0.02081475402228534,0.004811096317611151
110,256,64,0.01461988,0.42077265679836273,0.10756356009466392,0.006678540352731943,0.0022190019681225864,0.03311950983479619,0.005631988056026418
110,256,64,0.0154553,0.5877871617674828,0.16967251342107234,5.566521238023415,3.2830153957769497,1.1042017856612802,0.6401963506905416
110,256,64,0.01629073,0.8724964708089828,0.10485431837916723,35.85701379776001,4.701483858324155,3.9087129712104796,0.4899321694696312
110,256,64,0.01712615,0.963471207022667,0.05895403819600124,62.76150379180908,4.771471837755276,4.579254531860352,0.3202995375750259
110,256,64,0.01796157,1.0009875416755676,1.8271206681677153e-05,86.49014205932617,3.396102993524871,4.913889479637146,0.012428743363398215
110,256,64,0.01879699,1.0009990155696868,2.7231046532682188e-05,104.06309509277344,2.7737103927776334,4.9852934837341305,0.011819660240579202
110,256,64,0.01963241,1.0010025799274445,2.6410329797423772e-05,117.97492752075195,2.019530051710085,5.0297043800354,0.010128068611111466
110,256,64,0.02046784,1.000993651151657,2.3324212953932573e-05,130.67076530456544,3.33580395067514,5.052122807502746,0.009446768495097286
110,256,64,0.02130326,1.0010077714920045,1.8998482875290294e-05,138.95255584716796,3.7657018841216225,5.055000424385071,0.012245226622901575
110,256,64,0.02213868,1.0009933292865754,1.5637254417321557e-05,147.97190170288087,2.685949911792876,5.054924583435058,0.008985836585567963
110,256,64,0.0229741,1.0009991765022277,1.7536942562134123e-05,154.88124771118163,2.7879652251572415,5.042982983589172,0.010037620045570335
110,256,64,0.02380952,1.0009981393814087,1.3324538017671616e-05,160.10140228271484,2.5669589017381114,5.028932332992554,0.008805712504053145
110,256,64,0.02464495,1.0009922564029694,1.8339886224040074e-05,163.40197982788087,3.7451215550189403,4.999785685539246,0.010255476401150532
110,256,64,0.02548037,1.000998193025589,1.3044485701034162e-05,167.43255538940429,2.621301037059885,4.976984262466431,0.009901850824370399
110,256,64,0.02631579,1.001000201702118,1.3891391556346924e-05,168.7265594482422,3.2725051148219446,4.94990906715393,0.010975970513985227
110,256,64,0.02715121,1.001001900434494,1.1514560666282088e-05,170.9296096801758,2.912384569509946,4.918706178665161,0.008872939085565579
110,256,64,0.02798663,1.0009986519813538,1.3226650753895066e-05,171.80662384033204,2.66593826471171,4.88090410232544,0.01037333504430632
115,256,64,0.00793651,0.019583333842456342,0.03154307102115274,0.0010488100233487785,8.623883158994558e-05,0.011864259326830506,0.0007796732029573161
115,256,64,0.00877193,0.03666666764765978,0.0378593902905358,0.0010787400125991554,8.687743805055056e-05,0.012152688670903444,0.0008054596871795932
115,256,64,0.00960735,0.044166667945683004,0.039184394884360575,0.0010936950333416463,9.173904524705947e-05,0.012293783063068987,0.0008492375434509823
115,256,64,0.01044277,0.08375000189989805,0.0553069102737546,0.001213385019218549,0.00019513769306602006,0.01303302999585867,0.0010766164413203792
115,256,64,0.0112782,0.12000000309199095,0.061655406190285575,0.0013029950205236673,0.00020308485305261037,0.013967968104407192,0.0013852837490846927
115,256,64,0.01211362,0.08875000420957804,0.05331217353281989,0.001258190005319193,0.00019786770427587688,0.013303846772760152,0.0012712807498685026
115,256,64,0.01294904,0.18260516244918107,0.07752108781353279,0.0016860100149642676,0.0005726443000530841,0.01621825909242034,0.0023969583012007664
115,256,64,0.01378446,0.2908509785309434,0.11586987674381216,0.002885280078044161,0.0019091169365690025,0.021066347369924188,0.005775872399201304
115,256,64,0.01461988,0.4114565052092075,0.1434647343323116,0.010213470074813814,0.0067923109611715635,0.03647227743640542,0.010979331429761601
115,256,64,0.0154553,0.6239834129810333,0.1322986937835238,8.355684530735015,3.2403088973578833,1.6646494060754775,0.6109983260990445
115,256,64,0.01629073,0.8525935977697372,0.08587535617021368,36.24381561279297,5.220999332693207,3.8293436646461485,0.5036957020671077
115,256,64,0.01712615,0.9609488725662232,0.0583664343724167,62.98668270111084,4.340725587029213,4.606670773029327,0.2811011702475312
115,256,64,0.01796157,0.9909676522016525,0.030025696119630085,83.75684700012206,3.121371525746671,4.862333083152771,0.14416444344006601
115,256,64,0.01879699,1.0009951889514923,2.4763585191719355e-05,100.64735107421875,1.9727926019090027,4.9820307970046995,0.007831726269680721
115,256,64,0.01963241,1.001000601053238,2.6747501161971958e-05,114.08814582824706,2.466827188043598,5.023119163513184,0.014061045236079102
115,256,64,0.02046784,1.0010065495967866,3.385930968953283e-05,126.36866645812988,2.4328352023582784,5.045594692230225,0.009975254707305026
115,256,64,0.02130326,1.000999879837036,1.601395673947513e-05,135.2824722290039,2.668209832237533,5.056505084037781,0.00889286659733198
115,256,64,0.02213868,1.0010043144226075,1.8801032170236678e-05,143.66460952758788,2.475726357002037,5.051242637634277,0.008324730230881773
115,256,64,0.0229741,1.001002699136734,1.4736740657537018e-05,150.04730148315429,2.5918736707165975,5.0430186748504635,0.01251599929282399
115,256,64,0.02380952,1.0010025322437286,1.4319674463498426e-05,155.04900207519532,3.1624414555227505,5.027736830711365,0.008402264841357511
115,256,64,0.02464495,1.0009950160980225,1.3307868585279662e-05,158.6356231689453,2.8208139637716143,5.000972771644593,0.009769247273697027
115,256,64,0.02548037,1.0009990334510803,1.3399702149614e-05,161.05065841674804,3.3980202772289085,4.975020575523376,0.008880124407125408
115,256,64,0.02631579,1.00099720954895,1.3768987734610333e-05,163.97711029052735,2.198316946276765,4.947872757911682,0.008910826727281683
115,256,64,0.02715121,1.0009990692138673,1.6508382015846564e-05,165.1983268737793,2.1483545810156084,4.9169494867324826,0.006300290950774314
115,256,64,0.02798663,1.0009988009929658,8.354221968136773e-06,166.408699798584,3.4087826839735627,4.88045871257782,0.008698584625678244
120,256,64,0.00793651,0.02083333395421505,0.03759247991370199,0.001053855026839301,0.00010686446646042905,0.011793999001383781,0.0007006933656266565
120,256,64,0.00877193,0.02083333395421505,0.035306201642606186,0.0010438550263643265,8.019428283114263e-05,0.011827249405905604,0.0007450038216577982
120,256,64,0.00960735,0.07291666865348816,0.052762243677636,0.0011584700201638042,0.00011957339098483514,0.012895171158015728,0.001105864415174426
120,256,64,0.01044277,0.07125000208616257,0.04826683830083548,0.0011784600210376084,0.00014990195230844656,0.01283112270757556,0.0010061158859202815
120,256,64,0.0112782,0.07733333446085452,0.06149164456185818,0.0012580400274600835,0.00029955426832118564,0.013282714225351811,0.001832334166320967
120,256,64,0.01211362,0.13666667006909847,0.07261963396657865,0.0014870899787638337,0.0005419270535349747,0.01455976557917893,0.0018675488782733578
120,256,64,0.01294904,0.1867279985919595,0.07693775581704114,0.0018004849960561841,0.0005105702054706425,0.016461112815886737,0.002836302029036564
120,256,64,0.01378446,0.30652849152684214,0.08523308365037358,0.004400854965206235,0.003123123099529667,0.02396116079762578,0.006329192573380991
120,256,64,0.01461988,0.4151617966592312,0.11932264540378079,0.01900700543774292,0.020555487870281886,0.04326284928247333,0.01893188839663877
120,256,64,0.0154553,0.6538583353161812,0.1477972228862945,12.81733422279358,3.8101234510790123,2.292216771841049,0.6772563810440768
120,256,64,0.01629073,0.9175465553998947,0.08225345792994034,39.76527299880981,4.080924502185313,4.180886220932007,0.4252101164836532
120,256,64,0.01712615,0.9859684586524964,0.03575257353749992,63.43211288452149,2.865672808872647,4.72843451499939,0.17061806126950083
120,256,64,0.01796157,1.0009960174560546,3.3534266023634566e-05,82.83964195251465,2.6536746896246215,4.914533162117005,0.009426263530176646
120,256,64,0.01879699,1.0009891033172607,2.6766895088087434e-05,99.2063175201416,3.029231389391218,4.981397366523742,0.012251999080481354
120,256,64,0.01963241,1.0010034024715424,2.450028676970321e-05,112.55369453430175,2.977676200209171,5.024624180793762,0.008223344583077797
120,256,64,0.02046784,1.0009957313537599,1.651324497000538e-05,122.98811721801758,2.4501161167896064,5.041789436340332,0.008647011719905033
120,256,64,0.02130326,1.0010004997253419,2.1292047259933524e-05,130.88555564880372,2.1583051157690885,5.051421403884888,0.010777694429776505
120,256,64,0.02213868,1.001004546880722,1.7023189853907724e-05,139.10564270019532,1.9390977993936684,5.044919633865357,0.009017770482464452
120,256,64,0.0229741,1.0010088860988617,1.3757509963957651e-05,145.45344314575195,3.0505973250755933,5.035782146453857,0.00958086442620074
120,256,64,0.02380952,1.001001888513565,1.3623826498119106e-05,150.88981552124022,2.466912628079074,5.0211769342422485,0.007977284949199656
120,256,64,0.02464495,1.001000851392746,1.70229394139014e-05,154.6369514465332,2.5390359226260606,5.000502824783325,0.008957621815872388
120,256,64,0.02548037,1.0010024011135101,1.2836126996654956e-05,156.67311477661133,2.62812854469981,4.975075507164002,0.00853863398357415
120,256,64,0.02631579,1.0009993016719818,9.97525178457326e-06,159.31329193115235,2.5889017911618875,4.94561653137207,0.008685537820834281
120,256,64,0.02715121,1.001000601053238,1.2122317276494375e-05,159.9435661315918,2.8354817986381025,4.910254168510437,0.006437973832028922
120,256,64,0.02798663,1.0009965300559998,1.378770231595767e-05,161.48581924438477,2.3502138202646075,4.881492757797242,0.009329435424434065
125,256,64,0.00793651,0.02666666731238365,0.040620193178729676,0.0010588000353891403,9.661322769794275e-05,0.011964562535285949,0.000893346174638098
125,256,64,0.00877193,0.020833333767950536,0.030219107912752684,0.001053855026839301,9.711847020115647e-05,0.011793999001383781,0.000560369892246449
125,256,64,0.00960735,0.030000000447034835,0.03674234668925129,0.0010588200297206641,7.326423368149261e-05,0.01197212510742247,0.0006912191791059776
125,256,64,0.01044277,0.07275000121444464,0.05439381957319671,0.001173415029188618,0.000163325272000776,0.012908937688916922,0.0011691664163527363
125,256,64,0.0112782,0.1219166699796915,0.07156053542468951,0.0013677900074981152,0.0002959262604850621,0.014082002453505993,0.0016232187598895598
125,256,64,0.01211362,0.14983333721756936,0.08014206432594058,0.001457370020216331,0.0003157608301250469,0.014982339832931757,0.002083399305231449
125,256,64,0.01294904,0.21423611119389535,0.07995700959767767,0.002179814979899675,0.0010593786203167022,0.017109411163255574,0.002859619620359421
125,256,64,0.01378446,0.3236871503293514,0.12973723746118065,0.004121465125354007,0.003128774655784784,0.023633157508447765,0.007283007632635908
125,256,64,0.01461988,0.5004753947257996,0.13213828277351575,0.05002087336615659,0.06265673014481186,0.06442091297358274,0.02793085891590706
125,256,64,0.0154553,0.7028380274772644,0.1421881574914138,14.919630479812621,3.7691262680241104,2.5100698113441466,0.6216421556875544
125,256,64,0.01629073,0.9401099890470505,0.07668152097390801,42.319850540161134,4.293693714882115,4.309552454948426,0.39273681360605356
125,256,64,0.01712615,0.9759633272886277,0.05368399412707892,62.693192863464354,4.536735986997198,4.6826219201087955,0.25719710634870907
125,256,64,0.01796157,1.0009973049163818,3.233311079430287e-05,81.80572853088378,2.214477522490398,4.912368130683899,0.010423310849940326
125,256,64,0.01879699,1.001002448797226,2.4472807028540155e-05,97.04480934143066,3.061709559219064,4.980619978904724,0.013064699934661637
125,256,64,0.01963241,1.0009954452514649,1.839675514838292e-05,109.5097225189209,1.953456665103316,5.020914077758789,0.008657301201006289
125,256,64,0.02046784,1.0010051369667052,2.075981432685599e-05,119.46292457580566,2.341286942777273,5.037591195106506,0.012064415995894287
125,256,64,0.02130326,1.000996506214142,1.706205627132541e-05,128.84936752319337,2.780860234860814,5.050924968719483,0.009797125324704462
125,256,64,0.02213868,1.0010020554065704,1.915179045182715e-05,135.7753547668457,2.4947925623110527,5.041947746276856,0.011732628775706742
125,256,64,0.0229741,1.0009967625141143,1.1765266905983223e-05,141.64912490844728,2.337695831268388,5.038065505027771,0.010929894702214383
125,256,64,0.02380952,1.0009966313838958,1.776091499882863e-05,146.7291488647461,2.270521965897962,5.020204949378967,0.010455468296501378
125,256,64,0.02464495,1.0009966492652893,1.45532768864141e-05,150.13729553222657,2.768143425417714,4.995351505279541,0.007386257316453919
125,256,64,0.02548037,1.000994461774826,1.4659799642936226e-05,153.09811782836914,2.537693390435384,4.972306323051453,0.010689870876070054
125,256,64,0.02631579,1.000999540090561,1.5791423581670456e-05,154.53608322143555,2.1229342977144467,4.941362881660462,0.009720673204558265
125,256,64,0.02715121,1.0009988367557525,1.231803352200062e-05,155.97222900390625,2.297252493841322,4.907433986663818,0.00799868222818175
125,256,64,0.02798663,1.0009943425655365,9.144391839466214e-06,156.46756820678712,1.5235079127132332,4.8760322570800785,0.01060429970445391
130,256,64,0.00793651,0.022500000335276125,0.024874686298327203,0.0010438650206197053,4.960010244344402e-05,0.011831030528992415,0.00046795762216349294
130,256,64,0.00877193,0.031250000558793546,0.04248161461808395,0.0010687600122764706,0.00010494651217043563,0.012056166678667069,0.0009601067628527346
130,256,64,0.00960735,0.06333333440124989,0.04702245397504474,0.0011286000430118293,9.510041238987158e-05,0.012626784853637218,0.0008946766148264224
130,256,64,0.01044277,0.07375000230967999,0.07194109497236688,0.0012233850255142897,0.0002480870958205581,0.01286112256348133,0.0014503508872904245
130,256,64,0.0112782,0.11536905076354742,0.06901840571275486,0.0013376400049310178,0.0002715042102643653,0.014249626267701387,0.0019979113830548337
130,256,64,0.01211362,0.16790656857192515,0.06977616771429263,0.0017407950188498944,0.0008098976093583467,0.016089890524744986,0.0022219593760749307
130,256,64,0.01294904,0.25088985450565815,0.11224467667825828,0.002892435161629692,0.0024606177084161318,0.0197839776519686,0.0058577605042453625
130,256,64,0.01378446,0.3333893310278654,0.11194113301339106,0.004225205071270466,0.002977181039927505,0.02521055769175291,0.009400605812321836
130,256,64,0.01461988,0.44743114337325096,0.12488340580496853,0.068940095952712,0.12642619894009488,0.06262357402592897,0.03547370645553079
130,256,64,0.0154553,0.7647825807332993,0.09756284847230696,18.17747664451599,2.9390853185909855,2.8967201828956606,0.4448897724203635
130,256,64,0.01629073,0.8904630750417709,0.06143070497709866,40.586593055725096,3.1517257290379432,4.089649891853332,0.27885716966198304
130,256,64,0.01712615,0.995998603105545,0.02182073368807418,63.75242462158203,2.8001575769127993,4.778073358535766,0.10339782359808826
130,256,64,0.01796157,1.0009866774082183,3.30801649110813e-05,80.44351158142089,1.7662337328290811,4.905172109603882,0.01227620614568257
130,256,64,0.01879699,1.000990641117096,3.8031479600114914e-05,94.95411376953125,2.394052188641286,4.9827495336532595,0.012206457975153887
130,256,64,0.01963241,1.0009906053543092,1.6845187960764742e-05,106.82186622619629,1.940734721034311,5.015096235275268,0.008985668848332953
130,256,64,0.02046784,1.0009885549545288,1.8326248450254175e-05,117.65607528686523,1.4963453608857549,5.039277076721191,0.01098957867806386
130,256,64,0.02130326,1.0010051131248474,1.7685351996102063e-05,125.21364669799804,2.2035991795871,5.045831251144409,0.009687561077298517
130,256,64,0.02213868,1.0009998023509978,1.675810743526695e-05,134.11953048706056,2.2669556514115117,5.047107982635498,0.008058221645914633
130,256,64,0.0229741,1.001000326871872,1.5935980358500762e-05,138.93682785034179,2.212160619676484,5.033256721496582,0.007717333987592009
130,256,64,0.02380952,1.0009987950325012,1.6985106741807075e-05,142.3001739501953,2.660814245551471,5.014250493049621,0.011107661824398367
130,256,64,0.02464495,1.00099116563797,1.539963025072627e-05,146.76940536499023,2.8665494108662255,4.995545983314514,0.00928113462482276
130,256,64,0.02548037,1.0009982705116272,1.3675228106783747e-05,149.42663803100587,2.34115851267964,4.969760823249817,0.007831850077298783
130,256,64,0.02631579,1.0009930670261382,1.4472738061778336e-05,149.89034576416014,3.135571403911,4.9383772850036625,0.009393173006891522
130,256,64,0.02715121,1.0010035574436187,1.3794501908679716e-05,151.5392921447754,1.8769958790269465,4.913333392143249,0.009131728591365192
130,256,64,0.02798663,1.0009994685649872,1.0010832100059451e-05,152.75543899536132,2.3468640612229277,4.873272848129273,0.009755940889385636
135,256,64,0.00793651,0.02666666731238365,0.035118846649025176,0.001058800023747608,7.972499333253658e-05,0.011964562349021435,0.0007394990605222684
135,256,64,0.00877193,0.022500000335276125,0.029474565745584238,0.0010438650264404715,5.877227109720586e-05,0.01183103071525693,0.0005544935062925224
135,256,64,0.00960735,0.06916666850447654,0.050352923015052176,0.0011535450292285531,0.00013918760599064897,0.012730847764760255,0.0009701247453449127
135,256,64,0.01044277,0.09425000268965959,0.057342721817665296,0.0013180700014345347,0.0003576982569976527,0.013404143182560802,0.0012718651466495595
135,256,64,0.0112782,0.12358333487063647,0.09764913646966725,0.001427590020466596,0.0005266075793727659,0.014243061142042279,0.0025259476638082993
135,256,64,0.01211362,0.185333339497447,0.11254826556778165,0.00167164501035586,0.0004911622237867818,0.015942333545535804,0.0029127977700955103
135,256,64,0.01294904,0.23561110943555832,0.11154641740486165,0.0023732799279969187,0.0009411173145462896,0.018309031520038842,0.003652220900122743
135,256,64,0.01378446,0.3576732259243727,0.10682123655705439,0.005324855033541099,0.00409210768145904,0.026443012431263922,0.007208641832544622
135,256,64,0.01461988,0.55829416513443,0.12808794813748994,0.4244770779274404,0.49585652064927993,0.1660470675677061,0.10518906250559644
135,256,64,0.0154553,0.7753526896238327,0.12107849229889844,19.97983808517456,4.739355121680874,3.045585972070694,0.7187320361380849
135,256,64,0.01629073,0.9217315465211868,0.10214845037295289,42.603443717956544,5.074154913328782,4.253791642189026,0.492402452157537
135,256,64,0.01712615,0.9859722197055817,0.035738402504975904,62.2638500213623,2.315363569982205,4.732896995544434,0.16862585235429497
135,256,64,0.01796157,1.000987023115158,2.442033284265147e-05,79.61333045959472,1.9226210520722493,4.912986779212952,0.008091929954258073
135,256,64,0.01879699,1.0009948551654815,1.8734507889377013e-05,92.87377967834473,2.1400057331246174,4.971780824661255,0.012089150065100904
135,256,64,0.01963241,1.0009969115257262,2.2102993611572915e-05,104.2845012664795,2.098076472793303,5.0140372037887575,0.00856378888818371
135,256,64,0.02046784,1.000993049144745,2.409092920090191e-05,115.94137191772461,2.3607420277703213,5.038675665855408,0.010947375229332468
135,256,64,0.02130326,1.0009911060333252,2.305505810749689e-05,122.91085166931153,2.200794685952893,5.043859624862671,0.009142310173995711
135,256,64,0.02213868,1.0009970009326934,1.8287166422713856e-05,130.0534839630127,2.229456202572146,5.039628624916077,0.010690799999762355
135,256,64,0.0229741,1.000996208190918,2.2559254901527598e-05,134.8812057495117,2.353321506080112,5.025833368301392,0.009118864070809167
135,256,64,0.02380952,1.000994235277176,1.4458267365937647e-05,140.35793914794922,2.2647954661738128,5.019853520393371,0.01212485502772634
135,256,64,0.02464495,1.000996196269989,1.337850649964505e-05,143.26176986694335,2.000234977638062,4.992852830886841,0.008247499718505684
135,256,64,0.02548037,1.001000064611435,1.6516156677589772e-05,145.98450164794923,2.5798193459927155,4.9694466352462765,0.008381658843323812
135,256,64,0.02631579,1.000998419523239,1.1686114988571881e-05,147.38866729736327,2.724043454328195,4.938613748550415,0.012265546431600079
135,256,64,0.02715121,1.0009975016117096,1.5178169186138985e-05,148.58105850219727,2.40185110014058,4.911015629768372,0.009439729259049623
135,256,64,0.02798663,1.00099937915802,1.4351303317367478e-05,149.68583297729492,2.6263401094285057,4.873562002182007,0.012151023472705165
140,256,64,0.00793651,0.020000000298023225,0.024494897792834196,0.0010388800234068184,4.8842805292035384e-05,0.011783999064937234,0.0004608128684496492
140,256,64,0.00877193,0.03500000052154064,0.03570714267479213,0.0010687900357879698,7.120004074801631e-05,0.012066188082098962,0.0006717442687711049
140,256,64,0.00960735,0.05541666802018881,0.04596760771895107,0.0011235750163905323,0.00011303293632442106,0.012565950863063335,0.001035279199611802
140,256,64,0.01044277,0.10633333493024111,0.054529808510097526,0.0013927550055086613,0.0003063509699684099,0.013788977405056357,0.0015400773730108294
140,256,64,0.0112782,0.11358333565294743,0.06655255982780137,0.0014026449818629772,0.00035580777593495353,0.013982216455042362,0.0016883131823369555
140,256,64,0.01211362,0.17736539114266633,0.08843790824323874,0.0016612950072158127,0.000825308927491579,0.015756133757531644,0.002676584759164417
140,256,64,0.01294904,0.24293585047125815,0.10780602788026449,0.00296189496293664,0.002084906754944049,0.02014154796488583,0.005951122655687685
140,256,64,0.01378446,0.370046997256577,0.11494494489061964,0.00757390033104457,0.007019848260018458,0.03129700915887952,0.011405475073874315
140,256,64,0.01461988,0.5833869569003582,0.13679497760521728,1.4146017860854045,1.1426012551319322,0.32464642385020853,0.226904107367836
140,256,64,0.0154553,0.7852814733982086,0.09688311695930897,21.674140644073486,3.3517362878844588,3.1917146325111387,0.45791316617856137
140,256,64,0.01629073,0.9409253418445587,0.09038918044294446,43.873656845092775,4.1860664813470585,4.355843412876129,0.42236069830714434
140,256,64,0.01712615,0.9959856629371643,0.021827447954480328,63.15424022674561,2.0818482370738067,4.783672261238098,0.10726471872212236
140,256,64,0.01796157,1.0009830594062805,3.95743691269882e-05,78.14322814941406,1.3564026198803165,4.9061068296432495,0.011751526063469107
140,256,64,0.01879699,1.0009937047958375,3.260226089424939e-05,91.68640403747558,1.9449812458131188,4.976039123535156,0.010627121582852126
140,256,64,0.01963241,1.0010032594203948,2.319325334490794e-05,103.68245964050293,1.8750653859488358,5.014806866645813,0.011669440823604674
140,256,64,0.02046784,1.0009968101978302,2.6870875893420702e-05,112.35329742431641,1.5308159067260805,5.0348505735397335,0.008711214622290341
140,256,64,0.02130326,1.0010003745555878,1.6218066781125514e-05,121.82474212646484,2.3818749509882093,5.045961999893189,0.007946525617291079
140,256,64,0.02213868,1.0009937942028047,2.388388609971154e-05,128.1633472442627,1.9059350779838695,5.046532917022705,0.008351036538643308
140,256,64,0.0229741,1.0009920716285705,1.4750958645075915e-05,132.59553146362305,1.7238643155357658,5.0299889087677006,0.011086045556839457
140,256,64,0.02380952,1.000996047258377,1.6345001049847336e-05,137.19567337036133,2.79327200469219,5.0138432264328,0.011553223253524932
140,256,64,0.02464495,1.0009975552558898,1.565304221386628e-05,140.57459716796876,2.1265757114587656,4.9921447277069095,0.010333281224557561
140,256,64,0.02548037,1.0009942531585694,1.4527910471377802e-05,142.34734878540038,1.9193947604126842,4.969079494476318,0.012380112677134352
140,256,64,0.02631579,1.000997108221054,1.720224641695295e-05,143.33762283325194,2.66346311304914,4.938185429573059,0.010019050707538382
140,256,64,0.02715121,1.0009939908981322,1.3307227857725104e-05,145.02558975219728,1.9967770113204943,4.910082864761352,0.008815097159224426
140,256,64,0.02798663,1.0010032594203948,1.374599805635587e-05,146.22923049926757,1.884654204388814,4.874214315414429,0.012652672705388918
145,256,64,0.00793651,0.015000000223517418,0.027838822228980882,0.0010289100289810448,5.551059743392697e-05,0.011689936043694615,0.0005237207960794763
145,256,64,0.00877193,0.034166667610406876,0.049011054763700726,0.0010837550391443074,0.00014547784160719735,0.012072406662628054,0.0009606183717954703
145,256,64,0.00960735,0.06958333533257247,0.05118559820453348,0.0011784500093199313,0.00014990069529292687,0.012821108428761363,0.0011070980724721211
145,256,64,0.01044277,0.08583333529531956,0.06390639914421659,0.001238240028033033,0.00019788184099940983,0.01324304104782641,0.001443214029994132
145,256,64,0.0112782,0.12220238503068685,0.08126539624248437,0.0013776300125755369,0.0003416997575056261,0.014283336605876685,0.002040078938212687
145,256,64,0.01211362,0.18044445030391215,0.07842815611490747,0.0017062000406440347,0.0005494831477858192,0.016069653304293753,0.00255431889883412
145,256,64,0.01294904,0.28676984533667566,0.07785222137318173,0.0028449349221773444,0.0010732708065083303,0.020670335832983257,0.003380016426427518
145,256,64,0.01378446,0.38664852231740954,0.11269344147230329,0.01504723944235593,0.017618526037169235,0.03687212001532316,0.01516552979504146
145,256,64,0.01461988,0.5741932719945908,0.1282727740920994,4.696611475944519,2.6944033714625344,0.7779562775045633,0.44232492709817334
145,256,64,0.0154553,0.8262871921062469,0.09271565335548251,24.57941813468933,3.548821155551517,3.516124129295349,0.4664183699647263
145,256,64,0.01629073,0.9259051948785781,0.09295844869359718,42.60870771408081,4.639407089159035,4.282723391056061,0.45288419054538803
145,256,64,0.01712615,0.9909895747900009,0.030038011404345377,62.14948673248291,2.8436870644410375,4.758317279815674,0.14705353379005262
145,256,64,0.01796157,1.0009881198406219,3.1248788248529914e-05,77.15238990783692,1.6647793440665384,4.906929945945739,0.010196369997991499
145,256,64,0.01879699,1.0010082364082336,2.5661058788217096e-05,90.34571990966796,1.566639170678941,4.973497128486633,0.007664747666933611
145,256,64,0.01963241,1.0009962499141694,3.188876960752127e-05,101.38767700195312,1.7651094976485504,5.010592651367188,0.01121022037347065
145,256,64,0.02046784,1.0009920716285705,2.151653045459011e-05,111.30219116210938,1.657912095220226,5.037825345993042,0.010010096832468621
145,256,64,0.02130326,1.0009916067123412,1.4736679182350696e-05,119.2211254119873,1.7546471006718494,5.04353609085083,0.006021163532376297
145,256,64,0.02213868,1.000991517305374,1.735764523210276e-05,125.81251068115235,2.0025981988463206,5.042346477508545,0.009601988639105413
145,256,64,0.0229741,1.0009941160678864,1.7754616941584475e-05,130.86843032836913,1.82249232517123,5.029753255844116,0.011155951181203988
145,256,64,0.02380952,1.0010005116462708,1.527795761087158e-05,134.13334121704102,1.266104207135778,5.011452388763428,0.00966641725376441
145,256,64,0.02464495,1.000993984937668,1.149657719706974e-05,137.7837776184082,1.790407867318412,4.993742728233338,0.009896053194740982
145,256,64,0.02548037,1.0010008454322814,1.2797165816383193e-05,139.56191024780273,1.726937181207537,4.967179870605468,0.01183415717568406
145,256,64,0.02631579,1.0010014414787292,1.9674268065844047e-05,141.85715408325194,2.7702697681032946,4.939017701148987,0.008089745795105397
145,256,64,0.02715121,1.0010001003742217,1.232294714470952e-05,142.83084564208986,1.4163909610425416,4.9051138162612915,0.010177965979809408
145,256,64,0.02798663,1.001000738143921,1.2865913513812334e-05,143.9330207824707,1.9604729896358124,4.873657393455505,0.010617496924619255
150,256,64,0.00793651,0.044166667945683004,0.04125631435413521,0.0011036950105335563,0.00011139184737501173,0.012260532937943935,0.0008295603802419915
150,256,64,0.00877193,0.04250000156462193,0.03514849612064457,0.0011136250104755163,0.00011046433053274914,0.012339470721781255,0.0008176166897630721
150,256,64,0.00960735,0.07708333563059569,0.05932929806306496,0.0011934050009585917,0.00016222304850916678,0.012962202774360776,0.0012761722778986146
150,256,64,0.01044277,0.10416666958481073,0.09115387139128865,0.0012781099998392166,0.0002629888074888774,0.013615511730313301,0.002000330450532442
150,256,64,0.0112782,0.1813214335590601,0.07170507923469709,0.0016668200143612922,0.0005407421030531384,0.01541046630591154,0.0016641140055135295
150,256,64,0.01211362,0.2099533796310425,0.08976863223742956,0.0021138499956578015,0.0008932911508386003,0.01735901739448309,0.002920347257353105
150,256,64,0.01294904,0.3139167547225952,0.11442111071489952,0.0038325800793245434,0.001799691189762764,0.02273490107618272,0.005577602484388724
150,256,64,0.01378446,0.42738310918211936,0.12195868732981012,0.01410737062105909,0.009477195814923975,0.037362468894571066,0.011380216131416761
150,256,64,0.01461988,0.6148121684789658,0.10371880779023195,8.593935465812683,3.5465004686534676,1.4262951165437698,0.48139546866708205
150,256,64,0.0154553,0.8743687540292739,0.09789360376327501,27.075597953796386,3.660510441523323,3.772264850139618,0.4959729267685804
150,256,64,0.01629073,0.9909754931926728,0.03003692074341281,47.04882297515869,1.6856448116758602,4.620703172683716,0.13845026922275624
150,256,64,0.01712615,0.9909777492284775,0.030026563786930995,61.60605335235596,2.4969335594438125,4.755037450790406,0.14868028988175178
150,256,64,0.01796157,1.0009865581989288,3.2614521684127005e-05,76.22758102416992,2.0298185950183614,4.905181050300598,0.01204739297275318
150,256,64,0.01879699,1.0009924650192261,3.121215649087553e-05,89.39715461730957,1.519520753074936,4.97411961555481,0.012333558697310497
150,256,64,0.01963241,1.001000440120697,2.0163929780532578e-05,99.96529121398926,1.5802952253405242,5.013663172721863,0.008173892361663724
150,256,64,0.02046784,1.0009883403778077,1.4916631297618331e-05,109.89601402282715,1.7520390830591686,5.035239624977112,0.012011822261396818
150,256,64,0.02130326,1.0010007560253142,2.1057823303759286e-05,116.93502769470214,1.6011418128248718,5.041393852233886,0.009013032350262795
150,256,64,0.02213868,1.000996285676956,1.860060233348161e-05,123.40011138916016,1.4174741261474535,5.040151357650757,0.008829533073756982
150,256,64,0.0229741,1.0010020315647126,2.09687505336696e-05,128.13691215515138,2.045247991605289,5.027677130699158,0.011186846614183106
150,256,64,0.02380952,1.000992912054062,1.4699877017902287e-05,132.70472564697266,1.910586531829567,5.013338994979859,0.00877868585173523
150,256,64,0.02464495,1.001000201702118,1.904497026597851e-05,135.28334579467773,1.9059933226287484,4.990410876274109,0.011336791632447581
150,256,64,0.02548037,1.000997531414032,1.4014262534911731e-05,137.72470092773438,1.5811006612746938,4.965600562095642,0.010438514252486684
150,256,64,0.02631579,1.0009947955608367,1.1935194242043667e-05,139.4429443359375,1.7368338334185434,4.938453674316406,0.011093702395885549
150,256,64,0.02715121,1.0009945690631867,1.260998068063073e-05,139.3073257446289,1.897610618191054,4.906065773963928,0.009043540673816616
150,256,64,0.02798663,1.0009960293769837,9.832425272335732e-06,140.69876251220703,1.970144298417298,4.872540163993835,0.01100794708429893
155,256,64,0.00793651,0.044166668131947515,0.04780603376385909,0.0011036950163543224,0.00013184147069652914,0.012260532844811678,0.0009401807876532391
155,256,64,0.00877193,0.045000001415610315,0.039475732724666576,0.0011086700134910644,0.00012174035012140799,0.01230378313921392,0.0008134150367575683
155,256,64,0.00960735,0.06400000136345625,0.04050514497756505,0.0011584600142668933,0.00013874113034579897,0.01276652105152607,0.0009557334544157914
155,256,64,0.01044277,0.12233333624899387,0.08740296415847364,0.0014325850177556276,0.0004291256263325975,0.014171486161649227,0.001969956774753442
155,256,64,0.0112782,0.16995833795517684,0.08111141201125473,0.0016567200073041022,0.0005071397455087235,0.015441286051645875,0.002481429787878958
155,256,64,0.01211362,0.23497204594314097,0.09094259213847582,0.002229074970819056,0.0009399822133607802,0.018018235638737678,0.0029783658702923865
155,256,64,0.01294904,0.2563237614929676,0.1226981755418131,0.003147480089683086,0.0022779784936333425,0.02011670577339828,0.005638995352589574
155,256,64,0.01378446,0.4680546820163727,0.10375682603553411,0.035910054633859545,0.024231671292606383,0.05655081253498793,0.02000371653849696
155,256,64,0.01461988,0.713802382349968,0.13111260930346355,11.604159998893739,3.7763202293296083,2.276066368818283,0.65593307663721
155,256,64,0.0154553,0.8623193323612213,0.11799886027778975,27.896273612976074,4.247176385311724,3.7615148305892943,0.5548502464214411
155,256,64,0.01629073,0.9559411466121673,0.059001912487884695,45.06286544799805,2.8169287248493133,4.455783319473267,0.2760817526361162
155,256,64,0.01712615,1.0009783327579498,3.783095628593579e-05,61.824258995056155,1.5704865772316468,4.8054263353347775,0.009100189449809313
155,256,64,0.01796157,1.0009828150272368,3.207530740176234e-05,75.54012756347656,1.346282249547777,4.903606271743774,0.005762622533002459
155,256,64,0.01879699,1.000996857881546,2.774730017413563e-05,87.26573066711425,1.389470594379144,4.968075942993164,0.011288541624339045
155,256,64,0.01963241,1.0009960889816285,2.522612222391984e-05,98.73836517333984,1.6827006219503988,5.009588599205017,0.010669378787759747
155,256,64,0.02046784,1.0009923934936524,2.105445300597666e-05,108.46539573669433,2.175511540646532,5.029683923721313,0.011288724595398788
155,256,64,0.02130326,1.0009946703910828,1.6848153006847405e-05,115.44617004394532,1.3495296136503079,5.041001558303833,0.007019166860283942
155,256,64,0.02213868,1.0010003089904784,1.6375364902797955e-05,122.29746894836425,1.1404286671583532,5.038721704483033,0.0066769796360233
155,256,64,0.0229741,1.000995647907257,1.8979859781450522e-05,126.59884338378906,1.8694424793323254,5.028245306015014,0.009575304887131595
155,256,64,0.02380952,1.001005268096924,1.4408335218140621e-05,130.39187088012696,1.7815308522203774,5.013069105148316,0.011043779056887405
155,256,64,0.02464495,1.0009960532188416,1.3262830399560501e-05,132.69451980590821,1.5131325712713621,4.986637115478516,0.009855876214247609
155,256,64,0.02548037,1.0009996354579926,1.708442038850405e-05,135.1179931640625,1.3116726327863206,4.967006087303162,0.010014471583070415
155,256,64,0.02631579,1.0010053098201752,1.404815978998422e-05,136.8466896057129,1.3653208132753154,4.93860502243042,0.010673262903639508
155,256,64,0.02715121,1.0010038793087006,1.2473432268723084e-05,137.90076904296876,2.0118941066618063,4.904375958442688,0.010307180943839676
155,256,64,0.02798663,1.0010004222393036,1.2092328207423382e-05,137.82938461303712,1.3841309780070992,4.869731092453003,0.012218524706829671
160,256,64,0.00793651,0.04250000119209289,0.044558016211725664,0.0011036850220989436,0.00012403342939767666,0.01225675162859261,0.0009653354878677277
160,256,64,0.00877193,0.04583333432674408,0.041791480875980995,0.001093705021776259,8.618656104052002e-05,0.012297564325854183,0.0008088134011554869
160,256,64,0.00960735,0.0808333357796073,0.07154544286461942,0.0012133750366047024,0.00023449771264303146,0.013021693052724003,0.0015127967746043855
160,256,64,0.01044277,0.12953571770340205,0.07136292663668353,0.001397740002721548,0.0003523206815393669,0.014119064528495073,0.0018266783560420047
160,256,64,0.0112782,0.18104167003184557,0.11596721251735613,0.001731334999203682,0.0005811048104839766,0.016006054496392606,0.0032646336440846743
160,256,64,0.01211362,0.2507760966196656,0.09965415082687218,0.002577785006724298,0.0010429594298480417,0.018684541061520576,0.0035092281420278162
160,256,64,0.01294904,0.35275709815323353,0.1185798262044358,0.00435755011276342,0.0021294784106945094,0.025068488856777548,0.005741725038411388
160,256,64,0.01378446,0.4933988191187382,0.1723555318149323,0.06611832566559314,0.08026633642671006,0.06807633582502604,0.036403930878198376
160,256,64,0.01461988,0.7484011232852936,0.1173694228495288,12.936548471450806,3.314451835491567,2.5649357378482818,0.7024476738063449
160,256,64,0.0154553,0.8559555694460869,0.12764481786569304,28.13573565483093,4.549510519259571,3.7675903499126435,0.6195766354750865
160,256,64,0.01629073,0.9784539312124252,0.04026108005923428,46.22929763793945,2.327440680219709,4.553517627716064,0.2016827063508724
160,256,64,0.01712615,1.001000130176544,3.674161230708917e-05,61.43905735015869,1.6244814165381634,4.804236173629761,0.012662160067284895
160,256,64,0.01796157,1.0009884357452392,3.507629579761062e-05,74.90309066772461,1.4754832694855886,4.902963900566101,0.009981918333679644
160,256,64,0.01879699,1.0010014653205872,3.157147025604843e-05,86.64189109802246,1.0822459540506137,4.965845060348511,0.011079227147665719
160,256,64,0.01963241,1.0009880661964417,2.8290464184262275e-05,97.68904457092285,1.9189454980425389,5.011925554275512,0.011170303176094213
160,256,64,0.02046784,1.001000303030014,2.0462970766245853e-05,105.93225326538087,1.2646162158037524,5.0289195537567135,0.010205339666771871
160,256,64,0.02130326,1.0009928286075591,1.8646385969783682e-05,113.57194557189942,1.561928065630775,5.035585212707519,0.012377930806005502
160,256,64,0.02213868,1.0009972989559173,1.7402575123720638e-05,120.2891658782959,1.7964378908987064,5.037361717224121,0.008709278971585091
160,256,64,0.0229741,1.0010047554969788,2.3885255298673717e-05,124.90373878479004,1.5663697499872817,5.025120282173157,0.007521200842680209
160,256,64,0.02380952,1.000991952419281,1.4887608086679756e-05,128.64765319824218,1.8828708745124638,5.007835602760315,0.011088049804383954
160,256,64,0.02464495,1.0009989380836486,1.2228113322254689e-05,131.46902770996093,2.2577470157098167,4.9891540765762326,0.010507900914220578
160,256,64,0.02548037,1.0010032951831818,1.469637702814247e-05,132.79423751831055,1.895990928540911,4.965142393112183,0.009592743753739308
160,256,64,0.02631579,1.000998216867447,1.849705189811901e-05,134.51558837890624,2.032589584077978,4.933252811431885,0.00915335674016141
160,256,64,0.02715121,1.0010003983974456,1.5951587197475004e-05,134.7327964782715,1.8579237172078935,4.899865984916687,0.011203619652000951
160,256,64,0.02798663,1.0009972214698792,1.492989154591905e-05,136.24224090576172,1.328010434444986,4.872694516181946,0.008150340473998747
165,256,64,0.00793651,0.04500000067055225,0.049749372596654406,0.001088730018818751,9.920024759253722e-05,0.01225431407801807,0.0009359150056433966
165,256,64,0.00877193,0.06958333477377891,0.03528406671217482,0.0011785100272390992,0.0002011282039255581,0.012730847904458642,0.0006927746756033502
165,256,64,0.00960735,0.09583333674818277,0.08003905770952045,0.0012681800057180227,0.0002695837881022658,0.013404150027781725,0.001729682534413781
165,256,64,0.01044277,0.10729545708745718,0.08349763933701151,0.0014122850145213306,0.0005284072968654643,0.014082986814901232,0.0025815818309520297
165,256,64,0.0112782,0.17703571263700724,0.09648298565748563,0.0019155899644829333,0.000787568680757323,0.016203197464346886,0.0028864054359582034
165,256,64,0.01211362,0.24349206686019897,0.08442835787146122,0.002432979951845482,0.0007366823227244581,0.0188408728223294,0.003210997484467917
165,256,64,0.01294904,0.38534595593810084,0.11811748721504281,0.005033220106270164,0.002540711223470376,0.02745066089555621,0.006453350838121135
165,256,64,0.01378446,0.5479387596249581,0.12061183265359324,0.14577097399160266,0.12240464472725286,0.09883377589285373,0.04594057661487951
165,256,64,0.01461988,0.7519952207803726,0.11230931465633973,13.668022775650025,3.4159442571157026,2.710332101583481,0.6560588347029833
165,256,64,0.0154553,0.8791662186384201,0.12860950290940057,28.94059944152832,4.482878735077988,3.861338663101196,0.5893434768493604
165,256,64,0.01629073,0.9809621125459671,0.040032007812871286,46.714042854309085,2.1923054612860526,4.579916501045227,0.1875981889258246
165,256,64,0.01712615,1.0010019063949585,4.899860575457521e-05,61.10769386291504,1.5280938445657413,4.806797623634338,0.012259566749193849
165,256,64,0.01796157,1.0009921073913575,3.3482479340773815e-05,73.80916595458984,1.106318819896783,4.899229335784912,0.009760058781554204
165,256,64,0.01879699,1.0010007679462434,3.6627846671238924e-05,85.67878074645996,1.5296206895593596,4.966138768196106,0.010186770070068246
165,256,64,0.01963241,1.00099658370018,2.4748591404304605e-05,95.6701446533203,1.5697067545549488,5.004667115211487,0.01128601383384057
165,256,64,0.02046784,1.0009990155696868,1.3203324875228612e-05,105.1229419708252,1.291559554732492,5.0315138578414915,0.008867688152803633
165,256,64,0.02130326,1.0009962558746337,2.2365060652777905e-05,112.58326072692871,1.8971791393072512,5.039809536933899,0.009710210266504793
165,256,64,0.02213868,1.0009983122348785,2.040661356639049e-05,118.51878700256347,1.5484112073922223,5.036659860610962,0.00974783777646537
165,256,64,0.0229741,1.0009999692440033,2.011842719066143e-05,122.89816017150879,1.3941197460452732,5.02536301612854,0.00925664324655765
165,256,64,0.02380952,1.0009937226772307,1.614115240688305e-05,126.9959056854248,1.732634993877321,5.008943343162537,0.01008061848841998
165,256,64,0.02464495,1.0009995818138122,1.3613987926322705e-05,129.02278900146484,1.363829407521812,4.983950090408325,0.009388225908614491
165,256,64,0.02548037,1.0009986400604247,1.6989293737123955e-05,130.6840690612793,1.311979078212956,4.961326599121094,0.007691595409530556
165,256,64,0.02631579,1.0009984910488128,1.0454557844102692e-05,132.50286941528321,1.5221522583657887,4.935562920570374,0.009651445724351889
165,256,64,0.02715121,1.0010027408599853,1.2186804793003158e-05,133.19771347045898,1.3412238813033277,4.903698921203613,0.008009641131054087
165,256,64,0.02798663,1.0010000169277191,1.4012030227970069e-05,134.1655487060547,1.4148314178242407,4.8700538873672485,0.008412576979683456
170,256,64,0.00793651,0.03250000104308128,0.03631459911013926,0.0010737450211308897,8.842143573194198e-05,0.012101875664666296,0.0008146826525174068
170,256,64,0.00877193,0.06166666876524687,0.04974937390083451,0.0011485300259664656,0.00013187562589515249,0.012672472465783357,0.0010979529718474976
170,256,64,0.00960735,0.09666666891425849,0.05364492303575936,0.001288110006134957,0.0002112832173221781,0.013458715751767159,0.0011864932018667367
170,256,64,0.01044277,0.12150000352412463,0.09218475073998822,0.0013627250154968351,0.00032478652107586906,0.014244989072903991,0.002423263735713942
170,256,64,0.0112782,0.18750000186264515,0.09667025840859059,0.0018561800068709999,0.0007569504349173907,0.016093924082815646,0.0029262587937815407
170,256,64,0.01211362,0.2468946598470211,0.10436646104004987,0.002292910002870485,0.0009290984063057468,0.018869872856885194,0.00457312759528836
170,256,64,0.01294904,0.4298850640654564,0.15019614208184162,0.009439250477589667,0.007021843894722028,0.033488066494464876,0.011736039126985147
170,256,64,0.01378446,0.5331366181373596,0.10537040462009693,0.2273354722885415,0.2073548686409139,0.10835902402177452,0.05514511615462804
170,256,64,0.01461988,0.7807397991418839,0.14786840905648554,15.88149709701538,3.868018599308241,3.041756194829941,0.7439045524109599
170,256,64,0.0154553,0.9117295295000076,0.08110629109155124,31.077520179748536,3.0593715422433743,4.072716450691223,0.38660294825713626
170,256,64,0.01629073,0.9709675341844559,0.045843269263574155,46.0534008026123,2.5412013179738793,4.532963824272156,0.21722533839830405
170,256,64,0.01712615,1.0009942591190337,3.5788675216514655e-05,60.679351234436034,1.2161401494722366,4.80797324180603,0.01098969545257808
170,256,64,0.01796157,1.0009916782379151,3.067729179791473e-05,73.1693016052246,0.9788862423486024,4.9029376745224,0.008196470702469302
170,256,64,0.01879699,1.0009988963603973,2.7768377495468423e-05,84.33271598815918,1.3446994389572715,4.95853111743927,0.009372346970625759
170,256,64,0.01963241,1.0010002315044404,2.0498676877972416e-05,94.48614959716797,1.2355414944366736,5.002086210250854,0.006768386347149039
170,256,64,0.02046784,1.0009987831115723,2.060474550662382e-05,103.62351303100586,1.9662784346917224,5.025856351852417,0.009723279515708607
170,256,64,0.02130326,1.0009917438030242,1.7423377695215167e-05,110.39696235656739,1.3097922862583933,5.031924772262573,0.008758311146924038
170,256,64,0.02213868,1.0009953260421753,2.085155516472764e-05,116.92627449035645,1.2204326345601326,5.033379554748535,0.009488767591857116
170,256,64,0.0229741,1.0009982705116272,1.4037616421593854e-05,121.27689399719239,1.5824395127471798,5.025688338279724,0.01191225493931637
170,256,64,0.02380952,1.0010037124156952,1.849373264478993e-05,125.13827438354492,1.2536307049667377,5.010965943336487,0.008708224825126879
170,256,64,0.02464495,1.0009968101978302,1.0209165614104353e-05,127.34997291564942,1.367231387177485,4.985221338272095,0.008604377043306462
170,256,64,0.02548037,1.0010088324546813,1.3601675459437927e-05,129.5803134918213,1.2420725666170902,4.963785076141358,0.007987899162223705
170,256,64,0.02631579,1.0009979069232942,1.4386466044819484e-05,131.2640396118164,1.0275225555232517,4.935256290435791,0.00796779471532985
170,256,64,0.02715121,1.0010006725788116,1.6093381024672446e-05,131.47022705078126,1.6464275312934253,4.901616525650025,0.010156781899430676
170,256,64,0.02798663,1.0010004878044128,1.2781053874593661e-05,132.15111923217773,1.4714989068909183,4.869416332244873,0.006817321956085641
175,256,64,0.00793651,0.03833333421498537,0.04186619016163714,0.0010787500184960663,8.690267318891806e-05,0.012156469840556383,0.0008149675792908446
175,256,64,0.00877193,0.0600000012665987,0.06819090971957426,0.0011385800258722155,0.00017094992233688598,0.012585971783846617,0.0014097049895849976
175,256,64,0.00960735,0.08250000346451998,0.08571189301824785,0.001203385036205873,0.00023906612886506244,0.01305872448720038,0.0017180760080350106
175,256,64,0.01044277,0.1517500039190054,0.07975740261472149,0.0014475000265520067,0.00032838261773762326,0.01480936729349196,0.0019257770048131308
175,256,64,0.0112782,0.24584524091333151,0.10558922212373341,0.0021341099869459867,0.0008444904860967171,0.01800599554553628,0.003717570841259207
175,256,64,0.01211362,0.2173549834638834,0.08474458217796119,0.002437384950462729,0.00126243262473905,0.017869319999590516,0.0032777254695417865
175,256,64,0.01294904,0.4597346380352974,0.08197248160987967,0.0111190355848521,0.0063172233597011285,0.03616189425811171,0.00895681718872415
175,256,64,0.01378446,0.6067796692252159,0.12513616831596175,0.883970612846315,0.5408517919492112,0.24078249409794808,0.1027476817740217
175,256,64,0.01461988,0.7673650026321411,0.13606382235366007,16.019046783447266,3.4571069036922926,2.9725558161735535,0.635964547077515
175,256,64,0.0154553,0.9317257523536682,0.0657307950688147,31.64061794281006,2.6308952711969362,4.143918883800507,0.33712459414088275
175,256,64,0.01629073,0.9959821194410324,0.021828016250567028,46.873471641540526,1.3118731730934812,4.6514232635498045,0.10082300007433848
175,256,64,0.01712615,1.0009749352931976,2.8468348323918377e-05,60.370374870300296,1.5903612589925937,4.805401468276978,0.007946037274792218
175,256,64,0.01796157,1.001012933254242,2.1968816666564977e-05,73.09786949157714,1.105263824347238,4.905027961730957,0.008740245782393364
175,256,64,0.01879699,1.0009929597377778,2.457705502292308e-05,84.39658851623535,1.502325975358698,4.9665141820907595,0.011662272953434034
175,256,64,0.01963241,1.000996893644333,2.1821112294906724e-05,94.11111984252929,1.363467872946929,5.006002426147461,0.010026745821010808
175,256,64,0.02046784,1.000991052389145,1.872430276045788e-05,102.6406852722168,1.2259044848948055,5.025969767570496,0.0061805895536005346
175,256,64,0.02130326,1.0009952783584595,1.9039444048439896e-05,109.51109390258789,1.8375237850350508,5.037651109695434,0.011838660271758618
175,256,64,0.02213868,1.0010034799575807,1.8779629290520993e-05,115.26034660339356,2.052881479008982,5.031804895401001,0.010683960634946916
175,256,64,0.0229741,1.000994998216629,1.870265251052454e-05,119.44182434082032,1.1481503840973837,5.020888710021973,0.01000657584417326
175,256,64,0.02380952,1.0009909570217133,1.470734796471984e-05,123.6057243347168,1.4905200940121615,5.010332107543945,0.007683111279975754
175,256,64,0.02464495,1.0009974360466003,1.2709907508180838e-05,126.15686378479003,1.7296984861269857,4.9876984596252445,0.00976480181538196
175,256,64,0.02548037,1.000996595621109,1.1643975978888254e-05,127.17345352172852,1.4470653727260623,4.959422540664673,0.010937011942092617
175,256,64,0.02631579,1.0009997844696046,1.2279401676037079e-05,129.50910339355468,1.1505774544053646,4.933140993118286,0.007486712984965937
175,256,64,0.02715121,1.000995796918869,1.1194778977761378e-05,129.95626831054688,1.3254407880575751,4.902920866012574,0.00949265300466998
175,256,64,0.02798663,1.0010002374649047,1.2350703742992416e-05,130.03220291137694,1.144571898460687,4.867040157318115,0.00957869077786478
180,256,64,0.00793651,0.05500000175088644,0.047169907580716014,0.0011286100139841436,0.00011841247930113005,0.0124919090885669,0.0009432147544630499
180,256,64,0.00877193,0.06791666802018881,0.038030964083182614,0.0011485000257380306,9.70781278268011e-05,0.012801108136773109,0.0008840007858182548
180,256,64,0.00960735,0.09375000409781933,0.0645967763699404,0.001273204997414723,0.000224890468320151,0.01331386063247919,0.001465705011080755
180,256,64,0.01044277,0.12458333484828472,0.07929704127858035,0.0014374000020325184,0.00036228540411250903,0.014428664045408369,0.002393755016687389
180,256,64,0.0112782,0.1893035715445876,0.09677663566216166,0.001850134989945218,0.0007820343041144009,0.01662629940547049,0.002933210975256711
180,256,64,0.01211362,0.33171292021870613,0.12091084119069996,0.0030287399189546705,0.0011141390752029173,0.022087838687002658,0.004853588724957842
180,256,64,0.01294904,0.43668747693300247,0.15798455245974374,0.014350465743336826,0.011096606408863367,0.03754662275314331,0.01681019865815436
180,256,64,0.01378446,0.5786580324172974,0.15890183087523171,1.7108260318636894,0.7426127697565955,0.35947583615779877,0.139001346702568
180,256,64,0.01461988,0.8253088355064392,0.12982846185565702,17.91519765853882,2.982335203175277,3.296263027191162,0.5404006339471192
180,256,64,0.0154553,0.9450720250606537,0.0580897045435838,32.41585397720337,2.6294141166070903,4.19487247467041,0.2908484009194476
180,256,64,0.01629073,0.9909711450338363,0.03003766071971061,46.51328468322754,1.5183063799015213,4.631704616546631,0.13951538905870509
180,256,64,0.01712615,1.0009908199310302,2.4901773417959323e-05,60.07727813720703,0.884183341873364,4.806158876419067,0.008338302624584492
180,256,64,0.01796157,1.0009982407093048,2.6341268483007813e-05,72.01531791687012,1.2079124122744818,4.899327611923217,0.00851183494914932
180,256,64,0.01879699,1.0009993970394135,2.58582364052503e-05,83.41148719787597,1.3264776647837668,4.962610721588135,0.00697224186764669
180,256,64,0.01963241,1.0009944021701813,1.910026261499299e-05,92.9583625793457,1.4412303781255171,5.0028701543807985,0.010352028360434494
180,256,64,0.02046784,1.0009964525699615,1.677471150570677e-05,101.18581657409668,1.1936388732234138,5.0249920845031735,0.008796647045669636
180,256,64,0.02130326,1.0009909868240356,1.8559665155874874e-05,108.15872726440429,1.0599132084116438,5.030929327011108,0.00940362747434704
180,256,64,0.02213868,1.001000201702118,1.3685678140649006e-05,113.92074432373047,1.509158498421102,5.028919267654419,0.00899674574856061
180,256,64,0.0229741,1.000994509458542,2.4744485472015628e-05,118.51328659057617,1.4649789619299385,5.021176648139954,0.01013781910027444
180,256,64,0.02380952,1.0009986996650695,1.9128061982449728e-05,121.6553394317627,1.3035443092291892,5.004789113998413,0.00925350370117633
180,256,64,0.02464495,1.000997829437256,1.1678641515553568e-05,124.77561149597167,0.8186516688615911,4.9877220630645756,0.009842775913173162
180,256,64,0.02548037,1.0010001122951508,1.3469725288049714e-05,126.45528945922851,1.2558414814494763,4.9602618932724,0.012144107732345892
180,256,64,0.02631579,1.0009906768798829,1.1433246062775621e-05,127.56046485900879,1.0944052091104433,4.930527520179749,0.008152300821582035
180,256,64,0.02715121,1.0010007798671723,1.4081098721774541e-05,128.30015411376954,1.2808184988816003,4.90167269706726,0.010470305580992715
180,256,64,0.02798663,1.001002299785614,1.0911779195357848e-05,128.9614673614502,1.133095538358132,4.868760514259338,0.01041687050407789
185,256,64,0.00793651,0.08116666804999113,0.059847259034818745,0.0012780200107954443,0.00029998975599313313,0.013333272375166415,0.001546221382750639
185,256,64,0.00877193,0.0929166691377759,0.07547419647611296,0.0012831850326620042,0.0003559624357398978,0.013307634787634016,0.0015668702966831723
185,256,64,0.00960735,0.10583333801478148,0.05683186956987265,0.001297910005087033,0.0002041730247101019,0.01390087972395122,0.0013996827208499873
185,256,64,0.01044277,0.14300000220537185,0.07905272694911868,0.0014425150176975877,0.00031120211491145796,0.014640112407505512,0.0019753346505444855
185,256,64,0.0112782,0.23336111661046743,0.09355351477494929,0.001965310028754175,0.0005464888997986535,0.017401040298864245,0.002417373892452054
185,256,64,0.01211362,0.2902271017432213,0.07466008884217643,0.0030682599695865064,0.0012800637940670232,0.020628090063109995,0.0032075972304194907
185,256,64,0.01294904,0.4691645175218582,0.1272690792236376,0.0175220302073285,0.012397093023959624,0.0402457726188004,0.012577017269533888
185,256,64,0.01378446,0.6927943333983422,0.12253837501217986,4.672939497232437,2.0406682377578607,0.7395220413804054,0.33340062263420195
185,256,64,0.01461988,0.7853133022785187,0.10696406709459795,18.253964853286742,3.303470573967862,3.247256362438202,0.566306665202152
185,256,64,0.0154553,0.9317226469516754,0.06509634655734452,32.21511640548706,2.5622088331273507,4.173074626922608,0.31506780671776163
185,256,64,0.01629073,1.0009882032871247,3.5294391513924855e-05,46.762929153442386,0.6950267803975372,4.679174447059632,0.010245491849839942
185,256,64,0.01712615,1.0009931743144989,3.783377348783905e-05,59.379630661010744,1.1101175167099884,4.808011078834534,0.006948807187677057
185,256,64,0.01796157,1.000994122028351,4.4509037240576003e-05,71.91784362792968,0.8823106236880275,4.902166390419007,0.009529025766941139
185,256,64,0.01879699,1.0009949207305908,2.9374750941577496e-05,82.67264213562012,1.2600821093711583,4.962376713752747,0.010237780310850831
185,256,64,0.01963241,1.0009983956813813,1.2968155866725102e-05,92.49645881652832,1.4432234684513043,5.007108521461487,0.010272067645477912
185,256,64,0.02046784,1.0009898602962495,2.256337665938284e-05,101.03908958435059,1.1563584536508968,5.02608630657196,0.010385477406501684
185,256,64,0.02130326,1.0010025441646575,2.0912295353111142e-05,107.64344902038575,1.4606438440762195,5.03597571849823,0.008309246640365116
185,256,64,0.02213868,1.0009966313838958,1.649601052976209e-05,113.123286819458,1.463469745388967,5.030972838401794,0.00987279309680501
185,256,64,0.0229741,1.0009992301464081,1.534405902550187e-05,117.83517341613769,1.5879413461210474,5.0256843090057375,0.011910421632087637
185,256,64,0.02380952,1.0009939432144166,1.8437118527846422e-05,120.49700508117675,1.490821964048827,5.00600278377533,0.007720386515265839
185,256,64,0.02464495,1.0009956300258636,1.6311711404196606e-05,123.0539379119873,1.5113168284919989,4.983914709091186,0.010511445481081707
185,256,64,0.02548037,1.0009928107261659,1.324281076253982e-05,125.02179756164551,1.3138424916425147,4.959458565711975,0.008771247779753041
185,256,64,0.02631579,1.0010028898715972,9.73066774072695e-06,125.97380981445312,1.2759927798331518,4.9300625085830685,0.0071455587407338594
185,256,64,0.02715121,1.0009991109371186,1.2799618329571822e-05,126.9668815612793,1.0868333129593857,4.9079630136489865,0.011052603316632952
185,256,64,0.02798663,1.0009988367557525,1.198508611459655e-05,127.16542930603028,1.1557498296857114,4.867488217353821,0.00804472061641746
190,256,64,0.00793651,0.058333334513008595,0.05006939748677369,0.001153525011613965,0.00016220825676791322,0.0125935064163059,0.0010999530619538926
190,256,64,0.00877193,0.0875000024214387,0.05728219741988428,0.0012382500222884118,0.00017383989342317877,0.013246822077780962,0.001250533772784695
190,256,64,0.00960735,0.14402778297662736,0.08510285996367076,0.001607069990132004,0.0005127818640481987,0.01465119286440313,0.0023851279912023415
190,256,64,0.01044277,0.16125000212341548,0.08254439086175809,0.0016266999999061226,0.00043513310901782725,0.01525927851907909,0.0021600661857198605
190,256,64,0.0112782,0.2143467605113983,0.0836308065691989,0.002438525122124702,0.0015769778880702064,0.017015413288027047,0.002656237575295867
190,256,64,0.01211362,0.3282865438610315,0.11418437690890264,0.004349070106400177,0.0031059303389072194,0.023660687450319528,0.007670684713375912
190,256,64,0.01294904,0.49329724311828616,0.11063035761610393,0.0340378797147423,0.03312194448020242,0.05269086398184299,0.0218293268724714
190,256,64,0.01378446,0.6820699244737625,0.09834698166600583,8.100441431999206,2.3472233430907927,1.3235046327114106,0.4071322316762771
190,256,64,0.01461988,0.8723278373479844,0.09160185720195209,20.285841274261475,2.6043724833269883,3.5749621868133543,0.45155232182763694
190,256,64,0.0154553,0.943413695693016,0.07636301345497512,32.930391502380374,2.8766698833975997,4.240693664550781,0.3588259054506109
190,256,64,0.01629073,0.9959626168012619,0.02181556513464671,46.34669647216797,1.3582407958366325,4.656037449836731,0.10390348005234908
190,256,64,0.01712615,1.0009777247905731,3.700807947145958e-05,58.717223739624025,1.1239805145128152,4.800883340835571,0.0105136700505057
190,256,64,0.01796157,1.0009959280490874,2.4404167375163607e-05,70.80743446350098,0.9754109977326272,4.895659279823303,0.010222722766529208
190,256,64,0.01879699,1.001000076532364,2.3256595109373146e-05,82.04194717407226,0.9536790535554344,4.960399508476257,0.0093444833032857
190,256,64,0.01963241,1.0009944915771485,2.5389183182167115e-05,91.08122444152832,1.2920737768432402,4.995835876464843,0.007947731266961461
190,256,64,0.02046784,1.0010055482387543,1.6921181280935463e-05,99.5713665008545,1.0919690079065387,5.02497034072876,0.009656434220669776
190,256,64,0.02130326,1.0009918808937073,2.116418172076323e-05,106.6683563232422,1.2949055432301857,5.0377665042877195,0.010093826899208666
190,256,64,0.02213868,1.0009974718093873,2.5354793032060242e-05,111.28338623046875,1.3266513093292551,5.028380489349365,0.011390914978368168
190,256,64,0.0229741,1.0009950578212738,1.8874496637315063e-05,115.86152496337891,1.2190233741874776,5.0202388048171995,0.010479267730234519
190,256,64,0.02380952,1.0009945034980774,1.5433874379572462e-05,119.29715194702149,1.6934058791498032,5.0046586990356445,0.01104255633722611
190,256,64,0.02464495,1.0009972512722016,2.0561631944478926e-05,122.06479835510254,1.1829647151396379,4.985730862617492,0.00919078016539816
190,256,64,0.02548037,1.0009966135025024,1.2444593411060534e-05,123.7449520111084,1.1653025434049007,4.959147191047668,0.009179063009726247
190,256,64,0.02631579,1.0009974420070649,1.318452990937751e-05,124.5272777557373,1.5606281385455267,4.928920459747315,0.01263301369214126
190,256,64,0.02715121,1.0009976387023927,1.235347640410966e-05,125.46474189758301,1.457604197089536,4.897385144233704,0.013155958689183487
190,256,64,0.02798663,1.0010043323040008,1.4879185446060529e-05,125.9358154296875,1.7989201447375303,4.86794958114624,0.011095866917040483
195,256,64,0.00793651,0.03041666727513075,0.04093312697138832,0.0010937250161077827,0.00015600782174740005,0.012035368429496884,0.0008816690631022337
195,256,64,0.00877193,0.07583333645015955,0.05614342185141979,0.0011934050126001239,0.00017966737045322072,0.012960880296304822,0.0012849880362093922
195,256,64,0.00960735,0.1125000037252903,0.08467667660879696,0.0013378700066823512,0.00035703243644068656,0.013890079595148564,0.0020725486248776284
195,256,64,0.01044277,0.15786904897540807,0.0751712872976176,0.0015720650204457342,0.00040586887746075215,0.0150807102676481,0.0019057546796809053
195,256,64,0.0112782,0.2573495112359524,0.07556273142021297,0.0026218000100925567,0.0011942124208630786,0.01892914823256433,0.0033413539770008652
195,256,64,0.01211362,0.32323129251599314,0.10310165883459974,0.004368235060246662,0.0037921604152552145,0.023985770391300322,0.007774947610676608
195,256,64,0.01294904,0.4655913315713406,0.12456832836846775,0.03339934997493401,0.03944449271412776,0.04992848867550492,0.022120562526080766
195,256,64,0.01378446,0.7138005912303924,0.13022038919361723,10.3406547665596,4.137911147889313,1.829153122752905,0.7012336315686221
195,256,64,0.01461988,0.89416024684906,0.09821620145627069,21.419256019592286,2.709827030568735,3.7291982769966125,0.4738881846537898
195,256,64,0.0154553,0.9559475928544998,0.06696901576853327,33.5096435546875,2.7406762207029427,4.313884460926056,0.3060340725275915
195,256,64,0.01629073,1.0009864807128905,5.420664911247024e-05,46.250250816345215,0.7711017685487451,4.676347732543945,0.00893628882151279
195,256,64,0.01712615,1.0009983837604524,3.168903740294366e-05,58.77651844024658,1.0644867381848946,4.806717443466186,0.01023314982034425
195,256,64,0.01796157,1.0010117173194886,3.0926389044010984e-05,70.47866744995117,1.0307431594157777,4.894934844970703,0.010583549976048438
195,256,64,0.01879699,1.0009774625301362,3.0279405355394398e-05,81.02598724365234,1.1937176200255875,4.958468627929688,0.011345070733045864
195,256,64,0.01963241,1.0010008335113525,1.964359306967571e-05,91.12504730224609,1.4314509724434872,5.001400971412659,0.00900610756754602
195,256,64,0.02046784,1.0010006546974182,2.4599116361688357e-05,99.03153343200684,1.4397401182105982,5.0243576765060425,0.010253790469180962
195,256,64,0.02130326,1.0009981036186217,2.07301869734132e-05,105.50385360717773,1.4742429597728837,5.0335241794586185,0.011129163706983265
195,256,64,0.02213868,1.0009898662567138,1.6688976965901045e-05,110.17798347473145,1.5477704802330605,5.02453384399414,0.00823932482384264
195,256,64,0.0229741,1.0010015368461609,1.553615389600791e-05,115.21432113647461,1.203064197518053,5.022573852539063,0.007732599094020545
195,256,64,0.02380952,1.0009980022907257,1.7445589181569648e-05,118.4736572265625,1.2380802525587868,5.005712103843689,0.010837458429040958
195,256,64,0.02464495,1.0009958028793335,1.3488066225304673e-05,120.8786060333252,1.4254142384525537,4.984458613395691,0.011467102229097213
195,256,64,0.02548037,1.0009961128234863,1.42977119205715e-05,122.2764850616455,1.0800463167648184,4.956091856956482,0.006343017794735478
195,256,64,0.02631579,1.0009946644306182,1.4109882388475059e-05,123.65157928466797,1.3837624464536762,4.931706380844116,0.011407727452764181
195,256,64,0.02715121,1.0009973049163818,1.0511123206813319e-05,124.21001739501953,1.2141780909259976,4.898996043205261,0.009129017088966301
195,256,64,0.02798663,1.001001787185669,9.817331928694277e-06,124.29759941101074,0.8675690353046894,4.861994457244873,0.008489044844466725
200,256,64,0.00793651,0.050833335146307945,0.050956137821824087,0.0011336150229908526,0.00014886939971704897,0.012407845817506313,0.0010079730610814146
200,256,64,0.00877193,0.0808333359658718,0.060901790455497165,0.00121833001030609,0.00022426169871227463,0.013060025591403245,0.0013804887346944325
200,256,64,0.00960735,0.105333336815238,0.06514641909609951,0.0013328349916264415,0.00030267434373734713,0.013859281968325376,0.0017341371589975913
200,256,64,0.01044277,0.1483690531924367,0.061054756559571634,0.0015770800120662898,0.0005466789321407982,0.014888307964429259,0.0016333431889686393
200,256,64,0.0112782,0.2503720629960299,0.10695697334866032,0.00306856008246541,0.0021063989943008923,0.01979557699523866,0.0055853299069225475
200,256,64,0.01211362,0.38805267214775085,0.10182433475806338,0.005097505246521905,0.002135059892720816,0.027336601074784993,0.004633642001380718
200,256,64,0.01294904,0.5298762984573842,0.14147449822892955,0.0903855839278549,0.08210025028942845,0.07548520807176828,0.032500215977205094
200,256,64,0.01378446,0.7770957797765732,0.12664663985747232,13.415702199935913,3.522471281814215,2.5305142164230348,0.6581873210064713
200,256,64,0.01461988,0.8909374505281449,0.09004472500418846,21.678482437133788,2.372021185568188,3.7349772095680236,0.39221748324256567
200,256,64,0.0154553,0.9559146821498871,0.056862150418323196,33.36259489059448,2.429916098118102,4.289029550552368,0.2708903537081183
200,256,64,0.01629073,1.000973004102707,4.697543777092422e-05,46.48215160369873,0.5987630607828038,4.682165169715882,0.009594228311980597
200,256,64,0.01712615,1.0009982645511628,4.6203642568690576e-05,58.10984172821045,0.8112321790550058,4.803990340232849,0.007275007938044351
200,256,64,0.01796157,1.0009840905666352,3.3650446629817174e-05,70.02841567993164,1.1295022577956357,4.89868528842926,0.01096590386891279
200,256,64,0.01879699,1.00100616812706,2.1885678726424596e-05,80.47779502868653,0.8988476364829121,4.959955763816834,0.009955700678346256
200,256,64,0.01963241,1.0009948074817658,2.2049287241276478e-05,90.37282600402833,1.533233438704814,5.000377750396728,0.008960587535809908
200,256,64,0.02046784,1.0009967029094695,1.693101279190677e-05,98.2743465423584,1.2480330702367126,5.022022128105164,0.011820443733034975
200,256,64,0.02130326,1.0009911060333252,1.9607264763981952e-05,105.07149925231934,1.1058681129334365,5.035515570640564,0.006962576757481604
200,256,64,0.02213868,1.0009965598583221,2.0682000101692895e-05,110.29338645935059,1.3977176525055812,5.031486201286316,0.01119219454414257
200,256,64,0.0229741,1.0009939908981322,1.8198327875032352e-05,114.20896339416504,1.25976878401189,5.0220301151275635,0.008702427279487668
200,256,64,0.02380952,1.0009951055049897,1.8534130184723826e-05,117.20488357543945,1.5266751650987482,5.003609585762024,0.011487367667374402
200,256,64,0.02464495,1.0009961068630218,1.3880153222319414e-05,119.34103393554688,1.0194395820995596,4.9837260961532595,0.007393521646156689
200,256,64,0.02548037,1.0009955406188964,1.6322864468290812e-05,121.04851913452148,0.9964617018165719,4.95781557559967,0.010216382887235531
200,256,64,0.02631579,1.0009965598583221,1.2471700427932354e-05,122.10394973754883,1.4212311481086084,4.924748039245605,0.01022903717206805
200,256,64,0.02715121,1.001007330417633,1.403797073647406e-05,122.87722091674804,1.2048621681648084,4.896281027793885,0.011632372641774054
200,256,64,0.02798663,1.0009969472885132,1.4640094742558573e-05,123.28164825439453,0.9470040414324405,4.861955857276916,0.010172451136640476
205,256,64,0.00793651,0.06525000110268593,0.054714601610418294,0.0011684600147418677,0.00018934632351733292,0.012740826467052102,0.001193942793500417
205,256,64,0.00877193,0.12400000244379043,0.05907481092789215,0.0013429350103251636,0.0001903557427618752,0.013972280360758305,0.0013398519410881733
205,256,64,0.00960735,0.12783333621919155,0.06008581815391799,0.0014325349999126046,0.0002788289094614368,0.014376593194901944,0.0016666219335573055
205,256,64,0.01044277,0.17812500409781934,0.08185432544007083,0.0018012150248978287,0.0005304940124140093,0.015918249264359474,0.0023295940104081396
205,256,64,0.0112782,0.2613686934113503,0.07103120785289167,0.0026365649362560363,0.000960316520941238,0.019668824831023814,0.0029143658502487025
205,256,64,0.01211362,0.3345117766410112,0.10866547745393719,0.007927770318929106,0.008820533713129462,0.026428357930853963,0.007086909593880765
205,256,64,0.01294904,0.5353260844945907,0.1393486251507888,0.09876120834378525,0.08914278849748661,0.07624681452289224,0.03654457769763376
205,256,64,0.01378446,0.7909733057022095,0.1133210596760984,13.199795866012574,2.5299150765445417,2.728089541196823,0.5611393250685626
205,256,64,0.01461988,0.8933523893356323,0.08026983863765164,22.0014497756958,2.25581006372831,3.7614501833915712,0.3857100232151899
205,256,64,0.0154553,0.9709486097097397,0.04586536175572525,33.981596279144284,1.6628853707061924,4.383769464492798,0.20422954237193075
205,256,64,0.01629073,1.0009921550750733,3.288244288278321e-05,46.31348724365235,0.8063772726412318,4.6810506105422975,0.008569880983834011
205,256,64,0.01712615,1.0009971618652345,2.644833726469236e-05,57.93763103485107,0.7361136407588118,4.804029583930969,0.008471530813171231
205,256,64,0.01796157,1.0009979724884033,2.955023484178557e-05,69.82915992736817,0.9148473008140812,4.897161531448364,0.00920235427045392
205,256,64,0.01879699,1.0009874641895293,2.2396074675541375e-05,80.12653274536133,1.0449298263599889,4.96106789112091,0.01016889030064498
205,256,64,0.01963241,1.000993412733078,2.2864089238231455e-05,89.77629508972169,1.3153115599621295,4.999857759475708,0.012334728084926215
205,256,64,0.02046784,1.0009976148605346,2.0720083447327453e-05,97.0430694580078,1.2246181641619567,5.020992374420166,0.009988803383438596
205,256,64,0.02130326,1.0010003983974456,2.474615089730402e-05,103.73443641662598,1.2199585814349854,5.030691289901734,0.011476385769093747
205,256,64,0.02213868,1.0009929597377778,1.3230699319496636e-05,109.48031425476074,1.1312586823049324,5.03300712108612,0.012255649902506454
205,256,64,0.0229741,1.0009888708591461,1.869689970527311e-05,113.7161205291748,1.3759048399443847,5.020402264595032,0.008977268199378892
205,256,64,0.02380952,1.000996607542038,1.3847906213445538e-05,116.3121711730957,1.219205492522937,5.002695322036743,0.010462881368793631
205,256,64,0.02464495,1.0009929299354554,1.895458068244563e-05,118.52026023864747,1.41048967287744,4.9816039323806764,0.007911462356394065
205,256,64,0.02548037,1.0009962618350983,1.4840760602251687e-05,119.50737113952637,0.7998883186085577,4.9538047313690186,0.01008629168591507
205,256,64,0.02631579,1.000999140739441,1.4445509996958047e-05,121.12747344970703,1.3460513162708383,4.9269144296646115,0.00793938164008465
205,256,64,0.02715121,1.0010003566741943,1.0629458590769035e-05,121.95652618408204,0.8021952826153087,4.8947213888168335,0.008472900712728965
205,256,64,0.02798663,1.0009972989559173,9.156288134824788e-06,122.54908828735351,1.218794158576047,4.865705609321594,0.006969398840423681
210,256,64,0.00793651,0.07066666856408119,0.06784254763821605,0.001223275001393631,0.00023130712448743996,0.012964104348793627,0.001700301825415673
210,256,64,0.00877193,0.077916669100523,0.07018205849703758,0.001203335024183616,0.00024104205458453656,0.013056252105161547,0.0015945498115536429
210,256,64,0.00960735,0.1331190511584282,0.06793992176287439,0.001462384988553822,0.00037184683732751207,0.014529611123725772,0.0019131285607596126
210,256,64,0.01044277,0.21841667126864195,0.10033724492917481,0.0020202649757266045,0.0007342694866453694,0.016900443099439146,0.003062589514388719
210,256,64,0.0112782,0.3317425288259983,0.1261643234330176,0.003853460180107504,0.002060554409428898,0.023193640820682048,0.0063578480858605515
210,256,64,0.01211362,0.4075708046555519,0.08217705823772774,0.007107980188447982,0.004118259191464036,0.029483725409954788,0.00533892000522055
210,256,64,0.01294904,0.5695764005184174,0.13063851858413145,0.2693170803715475,0.23979835485208947,0.1251989952288568,0.06688858711903807
210,256,64,0.01378446,0.7626601129770278,0.1255267742142464,11.631516170501708,2.626719215702663,2.6959349870681764,0.6203228494791126
210,256,64,0.01461988,0.9196058005094528,0.08481498294395692,22.83678255081177,2.5443923914327913,3.891630744934082,0.41170673937063823
210,256,64,0.0154553,0.9859441190958023,0.03574357107985633,34.85319719314575,1.8146280350282529,4.454223370552063,0.16801070233462645
210,256,64,0.01629073,1.000991666316986,3.87887336551186e-05,46.159877395629884,0.4907861408165819,4.680087542533874,0.010355780931571159
210,256,64,0.01712615,1.0009876251220704,4.3496717304242315e-05,57.905811882019044,1.1152955778942535,4.805289006233215,0.010078927049549472
210,256,64,0.01796157,1.000987434387207,3.136843807464758e-05,68.99670104980468,0.9945397693307724,4.897312426567078,0.009812494608271596
210,256,64,0.01879699,1.0009972155094147,2.4920925799945206e-05,79.73979988098145,1.2559879657192448,4.960233664512634,0.010234974510305526
210,256,64,0.01963241,1.0009915113449097,2.331702621229391e-05,88.29650764465332,1.1886032908497997,4.994019174575806,0.008455183658648523
210,256,64,0.02046784,1.0009930193424226,2.2223741075391202e-05,97.25541267395019,1.0218300778931035,5.023929762840271,0.009097587688355892
210,256,64,0.02130326,1.0009965240955352,1.9318323297672728e-05,103.29677200317383,1.5952109726553296,5.031116104125976,0.010590872497419584
210,256,64,0.02213868,1.0009983897209167,1.2771755269125209e-05,108.28079147338867,1.2201245369168603,5.027323389053345,0.01119261849047218
210,256,64,0.0229741,1.0009934067726136,2.0939684333920098e-05,112.42570075988769,1.4843329030040469,5.020738029479981,0.00892810005437275
210,256,64,0.02380952,1.0009925067424774,1.247386519135131e-05,115.6932544708252,1.4659972832676482,5.003279399871826,0.011862634691287493
210,256,64,0.02464495,1.0010001361370087,1.4133058161090998e-05,117.52996253967285,1.191050200469027,4.979527187347412,0.009216937099598069
210,256,64,0.02548037,1.000994735956192,1.2271001201711614e-05,118.97558403015137,1.0460324949421589,4.956346869468689,0.008150083501559885
210,256,64,0.02631579,1.0009961485862733,1.1196417993859915e-05,120.05763931274414,1.0855937586534226,4.929743504524231,0.008294671324179981
210,256,64,0.02715121,1.0009967625141143,1.3320830019821166e-05,120.78445701599121,1.2248312075127614,4.897672152519226,0.013114722215753768
210,256,64,0.02798663,1.0009997963905335,1.0976897281845134e-05,121.45996932983398,1.3101766067262308,4.868054366111755,0.008929730955653041
215,256,64,0.00793651,0.08250000290572643,0.05328774346802082,0.0012282799929380418,0.0001893980081436252,0.013152759335935117,0.0013036506316214018
215,256,64,0.00877193,0.10470238327980042,0.06031083963646913,0.0013378400064539165,0.00023231420402048192,0.013778493599966168,0.0014224946081318368
215,256,64,0.00960735,0.16191667206585408,0.10132905422618572,0.0015223450085613877,0.0004322306025157586,0.014988017920404672,0.002283520734244072
215,256,64,0.01044277,0.19561905171722174,0.08319881753215864,0.0019106349907815456,0.0005626839106761688,0.016468701977282764,0.0025120571895280003
215,256,64,0.0112782,0.28657356966286895,0.12256695878839528,0.0030832950433250517,0.002207850875297202,0.0201295830309391,0.004760743185358244
215,256,64,0.01211362,0.45581273138523104,0.0985028272756454,0.008458565303590149,0.005319430532273621,0.031644124817103145,0.0066936036709870006
215,256,64,0.01294904,0.5772331073880196,0.10420326946572651,0.42892449609935285,0.31959902669518914,0.1602691885083914,0.08490084428879825
215,256,64,0.01378446,0.7844556719064713,0.11943096561175351,12.84474139213562,2.398114363360148,2.942296898365021,0.5222561827280509
215,256,64,0.01461988,0.9129689812660218,0.09421964891875068,23.26935510635376,2.530863646890742,3.921441352367401,0.4015691827186628
215,256,64,0.0154553,0.9809466868638992,0.040050418177516645,34.60005207061768,1.3143339863827075,4.435548114776611,0.17750258520799508
215,256,64,0.01629073,1.0009932041168212,4.28901936425231e-05,45.99973030090332,0.5804654045098271,4.681763243675232,0.007674830291624178
215,256,64,0.01712615,1.000981092453003,3.296127155489728e-05,57.29572467803955,1.07101644501223,4.803770399093628,0.009451369133689044
215,256,64,0.01796157,1.0009859085083008,3.246750735489759e-05,68.53630142211914,0.9082846725129288,4.894079327583313,0.00841471482673485
215,256,64,0.01879699,1.0009981989860535,3.399851236904378e-05,78.85733680725097,0.9907697165341304,4.957136464118958,0.008649926354935713
215,256,64,0.01963241,1.0009822010993958,1.5530600700043742e-05,88.47357940673828,1.2219229696725238,5.000902676582337,0.009975462865233063
215,256,64,0.02046784,1.000996971130371,1.6834048558472562e-05,95.76610565185547,1.3071609499510548,5.019184470176697,0.010040914601718904
215,256,64,0.02130326,1.0010040700435638,1.5178946269813532e-05,102.69480247497559,1.5811667587697629,5.033891439437866,0.012363629268684277
215,256,64,0.02213868,1.0010002195835113,2.2388839929413923e-05,107.22499656677246,1.389476579726757,5.024782299995422,0.01085262703805718
215,256,64,0.0229741,1.001001763343811,1.4262204583134249e-05,111.87656784057617,0.9377207669099497,5.019740915298462,0.007503782372314918
215,256,64,0.02380952,1.0009919822216033,1.6009912992898763e-05,114.38368225097656,1.4190337059475433,5.00252788066864,0.011757098453074329
215,256,64,0.02464495,1.0010051548480987,1.5009499345367989e-05,116.92843437194824,1.2416698963590602,4.980598878860474,0.010837153383696676
215,256,64,0.02548037,1.0009940028190614,1.0169474726501767e-05,118.08891792297364,1.2051775746521964,4.956953740119934,0.010020404052280007
215,256,64,0.02631579,1.000997543334961,1.3880538431315885e-05,119.46353263854981,1.256533805797608,4.927312994003296,0.008884376726338232
215,256,64,0.02715121,1.0009974539279938,1.1520076057849815e-05,120.04460945129395,1.007480438076917,4.895718264579773,0.011710978812805183
215,256,64,0.02798663,1.0009916245937347,1.2508302760825072e-05,120.22348175048828,1.004839634093943,4.863243532180786,0.009209642410643712
220,256,64,0.00793651,0.06750000175088644,0.045711961547438625,0.0011884300038218498,0.0001635447014718533,0.012781617790460586,0.0010574705497077522
220,256,64,0.00877193,0.10677777901291848,0.08053727790428604,0.0014925350027624519,0.0008618132596577123,0.013700601784512401,0.0020642651086503544
220,256,64,0.00960735,0.1706666698679328,0.09655798509398078,0.0015521750145126134,0.0004948781456051806,0.015276397205889225,0.0024354968104148868
220,256,64,0.01044277,0.18992460779845716,0.08228160441229551,0.0018256900191772729,0.0007274782189623058,0.01634979504160583,0.0027922941373527445
220,256,64,0.0112782,0.3326401449739933,0.10077556024439525,0.004309855040628463,0.0029573004543690658,0.023844267800450326,0.006305044660341453
220,256,64,0.01211362,0.4649673491716385,0.09996880961015858,0.01708310516551137,0.016957917927142973,0.03727090610191226,0.010952819499946979
220,256,64,0.01294904,0.6124676376581192,0.12370476634360209,0.6904693465679884,0.5095996400118987,0.21181564070284367,0.1214782053313753
220,256,64,0.01378446,0.8449367731809616,0.09188361892553618,14.19807767868042,2.714680129360421,3.164678728580475,0.46295149894967613
220,256,64,0.01461988,0.9342255830764771,0.05582897490581092,23.77515640258789,1.7918198152777054,4.0068184494972225,0.30058069298368273
220,256,64,0.0154553,0.9959807991981506,0.021827292740536085,35.29191226959229,1.1210582304164936,4.50493049621582,0.0983287634780272
220,256,64,0.01629073,1.0009833931922913,3.551930953176105e-05,45.83512802124024,0.7949421744349088,4.678202700614929,0.008555209617378223
220,256,64,0.01712615,1.0009882569313049,3.0135177061471705e-05,57.17248001098633,0.6767595700395801,4.804963946342468,0.008891364876655506
220,256,64,0.01796157,1.0009839475154876,2.618033791085197e-05,68.29641761779786,1.1917396551016677,4.893453884124756,0.011178704349573241
220,256,64,0.01879699,1.0009917974472047,2.5429708211518364e-05,78.80663032531739,0.9544533605040937,4.958103036880493,0.008385788395687654
220,256,64,0.01963241,1.0009901881217957,2.5394603499827892e-05,87.97589492797852,1.382229721462762,4.997033858299256,0.01215298358812009
220,256,64,0.02046784,1.000998169183731,1.6397881261248684e-05,95.56549339294433,1.3549563952903754,5.021078705787659,0.009098504664140814
220,256,64,0.02130326,1.0009992361068725,2.138541559524587e-05,102.11547660827637,1.0056250706065515,5.032844519615173,0.008216658474959735
220,256,64,0.02213868,1.0010002732276917,2.409912129740121e-05,106.53638801574706,0.7242058929247857,5.027922344207764,0.008286625642028138
220,256,64,0.0229741,1.001006156206131,1.5202380526849003e-05,110.98611145019531,1.0466548901608361,5.020749044418335,0.01087763935401751
220,256,64,0.02380952,1.0009888470172883,1.761715984232814e-05,113.28871459960938,1.1357420630718378,5.000328373908997,0.010235778064873413
220,256,64,0.02464495,1.0010006844997406,1.896399404109404e-05,115.6740737915039,1.1348691341335428,4.979617404937744,0.011259791895721386
220,256,64,0.02548037,1.0010016500949859,1.697673697767446e-05,117.13238792419433,0.8946994461089953,4.956335067749023,0.007905696746883309
220,256,64,0.02631579,1.0009992957115172,1.1391387965014235e-05,118.48064880371093,1.2999504572795242,4.926804709434509,0.009285482915883212
220,256,64,0.02715121,1.0010012686252594,9.52853467956861e-06,118.80146408081055,1.0088533154999473,4.893824911117553,0.00971208809207714
220,256,64,0.02798663,1.0010001718997956,1.0200684992968833e-05,119.02584953308106,1.1481936073147703,4.86562077999115,0.010536965157127457
225,256,64,0.00793651,0.09333333596587182,0.05830952045621465,0.001248130016028881,0.0001767814417020001,0.013446824485436082,0.0013942182129312874
225,256,64,0.00877193,0.09958333689719438,0.0689441729496597,0.0012482100166380406,0.00016533387636702705,0.01346820560283959,0.0014140758834798887
225,256,64,0.00960735,0.11870238371193409,0.0872710643485927,0.0014573399908840655,0.000524642528733895,0.014348497847095132,0.0025557826568976465
225,256,64,0.01044277,0.22248016409575938,0.09318359197698642,0.002000464976299554,0.000606457556904605,0.01698024063371122,0.0026776555221010917
225,256,64,0.0112782,0.3501221239566803,0.094436661706952,0.003997425048146397,0.0021322591444426714,0.023363743629306554,0.005885484392511
225,256,64,0.01211362,0.46108474433422086,0.14390401126845004,0.01756618044455536,0.01471090067050148,0.04047183310613036,0.015856495122581058
225,256,64,0.01294904,0.5956935539841652,0.13854109013558624,1.1468929171562194,0.6715719717433898,0.27653118073940275,0.12550700808107942
225,256,64,0.01378446,0.7867950767278671,0.09934522683054274,13.457125616073608,1.9151071041346748,3.0122140884399413,0.4570143196792495
225,256,64,0.01461988,0.9751100838184357,0.04301244706819755,24.939442443847657,1.746707254724237,4.16515873670578,0.2570499164220947
225,256,64,0.0154553,0.9909748196601867,0.030036255931045166,34.9396092414856,1.2078872720239622,4.478303050994873,0.1329199053260804
225,256,64,0.01629073,1.0009831070899964,4.392586366844649e-05,45.75672492980957,0.8913785345924493,4.680830669403076,0.014175797231371657
225,256,64,0.01712615,1.0009868383407592,3.436404156015095e-05,56.80250091552735,0.7806952391497909,4.800575542449951,0.008938708164833605
225,256,64,0.01796157,1.0009932458400725,2.7274227707178705e-05,68.20262451171875,0.8970038662804838,4.894630789756775,0.008497091009858609
225,256,64,0.01879699,1.0009948492050171,2.075386827411054e-05,78.16172332763672,1.0404651694242044,4.957557034492493,0.011240005015027183
225,256,64,0.01963241,1.0009869515895844,2.8035715507381935e-05,87.22160301208496,1.2035074336018325,4.999308657646179,0.010190583665297261
225,256,64,0.02046784,1.0009985566139221,2.1951493265099106e-05,94.58946990966797,1.0972673390608256,5.016775846481323,0.008615939122554732
225,256,64,0.02130326,1.0009876251220704,2.4392463724501723e-05,101.25760269165039,1.213922904879367,5.030496907234192,0.01095950001794093
225,256,64,0.02213868,1.0010031878948211,1.6899247596450773e-05,106.14321746826172,1.1155418643289798,5.028424024581909,0.00918702334377188
225,256,64,0.0229741,1.0009936213493347,1.889171637387461e-05,109.94459114074706,1.3316315398986067,5.017756009101868,0.007093900427256796
225,256,64,0.02380952,1.0009934842586516,1.6668872379595104e-05,112.9162784576416,1.4029653702780862,5.004087829589844,0.007727927101981584
225,256,64,0.02464495,1.0009990751743316,1.5194685354244936e-05,115.21315002441406,1.1422096457509312,4.9825445175170895,0.008385656006328044
225,256,64,0.02548037,1.000990778207779,1.4502772829621456e-05,116.43314971923829,1.164333492495547,4.957496786117554,0.010894515606547956
225,256,64,0.02631579,1.0009982526302337,1.2985414615032506e-05,117.23398971557617,0.9230648074396975,4.922589540481567,0.008198578715702641
225,256,64,0.02715121,1.0010015785694122,1.0963254891168962e-05,117.80276412963867,1.0724642379251899,4.895701265335083,0.009794952286121508
225,256,64,0.02798663,1.000998055934906,1.1861480060110737e-05,118.58712539672851,0.9123330292773104,4.866442584991455,0.011493465501726934
230,256,64,0.00793651,0.06041666753590107,0.04851080927155983,0.0011833750118967145,0.0002211425468594342,0.012737016705796123,0.001260224791644257
230,256,64,0.00877193,0.11466667093336583,0.09203653163146784,0.0013628550223074853,0.00035994019557008535,0.013913898216560482,0.0019692849513100524
230,256,64,0.00960735,0.15254167094826698,0.07231656908293099,0.0014873099979013204,0.0004031296111624144,0.014802319882437586,0.0020431659489250553
230,256,64,0.01044277,0.23308334089815616,0.09229222617568678,0.0020899850060231984,0.0008467336864262016,0.01745119537226856,0.002933853666763635
230,256,64,0.0112782,0.314003193564713,0.1050242499166133,0.003857175086159259,0.002381758753771735,0.022905014781281353,0.0060964727471923864
230,256,64,0.01211362,0.4550379991531372,0.1664552808445453,0.028550404909765348,0.02425407966380533,0.046435936773195866,0.02013151934713758
230,256,64,0.01294904,0.6490499094128609,0.12542646604367189,2.152135008573532,1.1081187761272686,0.4007566310465336,0.17927408384275656
230,256,64,0.01378446,0.8663812309503556,0.09557328447288725,15.017328023910522,2.1262858330292276,3.376994252204895,0.4620980859736409
230,256,64,0.01461988,0.9200439155101776,0.08395677038422963,23.64642915725708,2.419868574364554,3.9491621971130373,0.3880611056288855
230,256,64,0.0154553,1.0009529531002044,4.9295462473339526e-05,35.239013481140134,0.6642857615252681,4.525293064117432,0.009831362172588428
230,256,64,0.01629073,1.0009897768497467,5.268001714960224e-05,45.58327312469483,0.7379967173127594,4.680057716369629,0.009649836147126755
230,256,64,0.01712615,1.000987607240677,3.999629378229376e-05,56.84658203125,0.8493346294550242,4.806346726417542,0.007405481125896609
230,256,64,0.01796157,1.0009783506393433,2.6256613904178947e-05,67.45817604064942,0.8484054969878213,4.891749691963196,0.009667240850350475
230,256,64,0.01879699,1.0009991466999053,2.2599027769185438e-05,78.19615097045899,1.0814722944161406,4.960491609573364,0.008730934615223646
230,256,64,0.01963241,1.0009908616542815,2.3351772448557653e-05,86.35319786071777,1.3351269580386087,4.992553472518921,0.011304069206286363
230,256,64,0.02046784,1.000991278886795,2.5959953698026513e-05,94.06726531982422,1.2824082391776415,5.020503830909729,0.010926157545568794
230,256,64,0.02130326,1.0009909629821778,2.1595367395011795e-05,100.4487693786621,1.094990540192134,5.028067636489868,0.00983448673417115
230,256,64,0.02213868,1.0009967982769012,1.6174810658617553e-05,105.29565963745117,1.116398156399485,5.028439831733704,0.007063154717576847
230,256,64,0.0229741,1.000995969772339,1.1492641107716922e-05,109.4670295715332,1.1001779749512264,5.0194981575012205,0.011134885342234353
230,256,64,0.02380952,1.00099316239357,1.3885854759307811e-05,112.18658981323242,1.113537978966218,5.001041030883789,0.011695134455377688
230,256,64,0.02464495,1.0009994685649872,2.2879125465411202e-05,114.45519256591797,1.1154920369447745,4.982263898849487,0.010436372282601468
230,256,64,0.02548037,1.0009958803653718,1.6003529671587578e-05,115.7841022491455,1.1117849394742343,4.956020736694336,0.010968403120237155
230,256,64,0.02631579,1.000999665260315,1.0881307456707715e-05,117.09326248168945,1.1382793094301975,4.930411052703858,0.009927315045609536
230,256,64,0.02715121,1.0009988367557525,1.0293725604049553e-05,117.3208438873291,0.7921524537351212,4.8965846538543705,0.008750000775715793
230,256,64,0.02798663,1.000998216867447,1.1892539731532583e-05,117.73191833496094,1.0370245065858432,4.865338754653931,0.010156562564172859
235,256,64,0.00793651,0.07666666936129332,0.05442885519334682,0.0011933350062463433,0.00016810653094017353,0.013075713254511356,0.0013807307228305523
235,256,64,0.00877193,0.16227778028696777,0.054824326561064736,0.0016467200184706599,0.0004335453608890818,0.015265003964304923,0.001628852037668386
235,256,64,0.00960735,0.14175000376999378,0.06616787519588573,0.001472324994392693,0.0003493291805248252,0.014737198036164046,0.0016638487871309107
235,256,64,0.01044277,0.22578571625053884,0.09067085467224503,0.00215951498830691,0.0007697056537061926,0.017538146814331412,0.002895585576767498
235,256,64,0.0112782,0.35642015784978864,0.11623047909026829,0.004376355110434815,0.0026131057002452443,0.02358007957227528,0.005589532336163725
235,256,64,0.01211362,0.49858698770403864,0.15112741221795176,0.03535354909254238,0.03495625836870447,0.05219704015180469,0.02485667686774449
235,256,64,0.01294904,0.7071290493011475,0.10552436092323535,4.159221196174622,2.1741888100300355,0.6896435745060444,0.32745824505694576
235,256,64,0.01378446,0.8604519903659821,0.08425093644787274,15.206547355651855,1.7196138465973465,3.3663432717323305,0.3738217896567474
235,256,64,0.01461988,0.9509339928627014,0.06715830482217436,25.120822715759278,1.6011393242471124,4.131803321838379,0.2865398314689597
235,256,64,0.0154553,0.9959614187479019,0.02182845497567305,35.081588172912596,0.8939114518679926,4.505743885040284,0.09785421347984019
235,256,64,0.01629073,1.0010001003742217,3.37217243095832e-05,45.37865657806397,0.5267405570800154,4.678631377220154,0.005544259423791194
235,256,64,0.01712615,1.0009979009628296,3.875268302113678e-05,56.29143028259277,0.7653123672426327,4.798545384407044,0.008306982681983653
235,256,64,0.01796157,1.0009963810443878,2.351769598884133e-05,67.2698760986328,0.9581793020996077,4.893852472305298,0.011591642761395293
235,256,64,0.01879699,1.0010010123252868,2.801273474094607e-05,77.66326026916504,1.156653850001554,4.961216425895691,0.010816006729323065
235,256,64,0.01963241,1.0009910404682159,2.25427091141208e-05,86.34626731872558,1.044189025279999,4.9971648216247555,0.01076556886862746
235,256,64,0.02046784,1.0010003805160523,2.1996636879179525e-05,94.1207290649414,0.7932602484004501,5.021370840072632,0.009061095180894934
235,256,64,0.02130326,1.0009945929050446,2.2922240781242392e-05,99.98254203796387,1.0546549318969562,5.027947926521302,0.010085758350986258
235,256,64,0.02213868,1.0009915113449097,2.5062726149457853e-05,105.2873378753662,0.8687445919439812,5.032684302330017,0.0064323159911330125
235,256,64,0.0229741,1.000993263721466,1.6091836760945617e-05,107.99272155761719,1.3670458100011516,5.014669013023377,0.01134427576696214
235,256,64,0.02380952,1.0009963154792785,1.5882914460400478e-05,111.7720718383789,1.4190092696339833,5.005485916137696,0.010334682592205591
235,256,64,0.02464495,1.0009977698326111,9.300456352886367e-06,113.49581260681153,0.9529396312097517,4.9814828634262085,0.00715163475900983
235,256,64,0.02548037,1.0009997963905335,1.3248647138170068e-05,115.44693260192871,1.3748734341114013,4.955612587928772,0.012494953768451998
235,256,64,0.02631579,1.0009960234165192,1.4582170059316503e-05,116.11906661987305,1.013775371689406,4.928575205802917,0.011222550817541494
235,256,64,0.02715121,1.00099418759346,1.0226758878574645e-05,116.82589416503906,1.0655838557335224,4.895721054077148,0.010218716674791678
235,256,64,0.02798663,1.000996994972229,9.537890484460084e-06,117.00634651184082,0.9414215861603071,4.863621783256531,0.008828274776069622
240,256,64,0.00793651,0.08875000216066838,0.05152366088091405,0.0011933550180401654,0.00012786632505537514,0.013220610423013568,0.0011717809847545848
240,256,64,0.00877193,0.12191667109727859,0.07304921863495399,0.0013727949990425259,0.0003181835969442817,0.014088236074894667,0.0018699638610303194
240,256,64,0.00960735,0.16400000266730785,0.07934873962931446,0.0016270200139842927,0.0004742075079833071,0.015155287785455584,0.002038205537136135
240,256,64,0.01044277,0.2601265234872699,0.12523745996527375,0.002830929902847856,0.0015434423795256014,0.01923716962337494,0.004512751034690441
240,256,64,0.0112782,0.3579270515590906,0.1102738068892659,0.007225360360462218,0.006883406724382115,0.02717992225661874,0.008896199907743237
240,256,64,0.01211362,0.48765996992588045,0.09873061418066348,0.04255893540102988,0.04367751658824388,0.05473788091912866,0.022863014164343307
240,256,64,0.01294904,0.7248806655406952,0.09424064230648391,6.467451786994934,2.287703477177845,1.0467532068490981,0.35437110084558293
240,256,64,0.01378446,0.8615570068359375,0.11666291603328977,15.75214581489563,2.8357255632608407,3.4358368635177614,0.588623638034296
240,256,64,0.01461988,0.961749142408371,0.05613437800396965,25.05140266418457,1.7289876276169216,4.1493922710418705,0.2594866730933351
240,256,64,0.0154553,0.9909633666276931,0.03002933757947419,34.72496871948242,1.0621356655442227,4.4788048505783085,0.13611584855104697
240,256,64,0.01629073,0.9959760963916778,0.021813690816943274,45.12700309753418,1.234370761790016,4.659042930603027,0.1007813061019042
240,256,64,0.01712615,1.001003623008728,3.2396558314879036e-05,55.84252777099609,0.8787660850647653,4.794518256187439,0.011329809039304195
240,256,64,0.01796157,1.0009966135025024,2.6233915751442837e-05,66.93447418212891,0.8157263385849602,4.890734100341797,0.009716490363248285
240,256,64,0.01879699,1.0009904325008392,2.301484302974279e-05,77.38941192626953,1.1270063738240206,4.961553788185119,0.010176897351658283
240,256,64,0.01963241,1.0009835422039033,2.6991849369460256e-05,85.8147705078125,1.0105024008024637,4.996958875656128,0.007920971117966306
240,256,64,0.02046784,1.0010085701942444,2.193079987030546e-05,93.73679847717285,1.046560054092832,5.022754073143005,0.007192520350349072
240,256,64,0.02130326,1.0009942710399629,1.7190354661578886e-05,98.82208557128907,1.373307785879947,5.023911619186402,0.010649323800225229
240,256,64,0.02213868,1.0009947717189789,1.4089553404469121e-05,104.50705146789551,1.3815786875382323,5.027307391166687,0.012077095668250432
240,256,64,0.0229741,1.0009994745254516,1.9567855382453864e-05,107.51052742004394,1.0943316318321852,5.013299870491028,0.011392177182762862
240,256,64,0.02380952,1.000997632741928,1.2555510093980726e-05,111.03302421569825,1.1238085281962293,5.000857591629028,0.00794309588401884
240,256,64,0.02464495,1.0009952783584595,1.3719637569729625e-05,112.90996932983398,1.148206387823243,4.97999746799469,0.01090247287696759
240,256,64,0.02548037,1.0009930193424226,1.0256466543571928e-05,114.48661766052246,1.006907396951289,4.9558334112167355,0.007643438287579668
240,256,64,0.02631579,1.0009971857070923,1.2920329343305376e-05,115.85333061218262,0.949577522487377,4.93112633228302,0.010454410916028683
240,256,64,0.02715121,1.0009995460510255,1.3413328400255391e-05,115.7127571105957,0.852187732295233,4.89520115852356,0.009887471018620574
240,256,64,0.02798663,1.0010007858276366,8.305354920375283e-06,116.35838508605957,0.7419538755951748,4.866087102890015,0.010122239411048855
245,256,64,0.00793651,0.07208333611488342,0.047600407608497194,0.0012682699889410287,0.00028761548293901714,0.012910584686324,0.0010271846784159658
245,256,64,0.00877193,0.1647023856639862,0.0624634546164053,0.0016620850248727948,0.00044606864419794665,0.01490176641382277,0.001542093756302365
245,256,64,0.00960735,0.1993015928193927,0.08472334158162441,0.0020798249985091387,0.0008646928228282903,0.016533790808171033,0.003236979504754188
245,256,64,0.01044277,0.3012616366147995,0.09337629211682126,0.0039612902095541355,0.004071978781501214,0.02118246629834175,0.00535168782026602
245,256,64,0.0112782,0.3570301242172718,0.10832718925223142,0.0046619248867500575,0.0026910557058978596,0.024878970440477134,0.005487323688850358
245,256,64,0.01211362,0.5209966346621513,0.15717141860441125,0.07458835453726351,0.06816331293513958,0.0698363765142858,0.03395189559833973
245,256,64,0.01294904,0.7163903623819351,0.13896661580992978,8.354756939411164,2.2650217379136177,1.4303868919610978,0.3273536073654348
245,256,64,0.01378446,0.9024642437696457,0.09330573332242541,16.562984037399293,2.199484033223498,3.6207560896873474,0.46915202026616193
245,256,64,0.01461988,0.9659020692110062,0.057267588810425187,25.157021713256835,1.5328052851753722,4.1888712525367735,0.24941068552736045
245,256,64,0.0154553,0.9959635853767395,0.02180026674709412,34.857116317749025,0.8956135301674275,4.5028616189956665,0.09817973743449651
245,256,64,0.01629073,1.0009693324565887,4.1352949533537274e-05,45.200673484802245,0.6010832668730917,4.6785626888275145,0.008908102039954308
245,256,64,0.01712615,1.0009900033473969,4.3575518444422174e-05,55.69319610595703,0.8995058391929911,4.797290730476379,0.009799424931913225
245,256,64,0.01796157,1.0009874761104585,3.185018072707696e-05,66.96596145629883,0.7322718448180903,4.893399286270141,0.007996763735293868
245,256,64,0.01879699,1.0009826600551606,3.235936713802723e-05,76.95577354431153,1.2613446566429365,4.956379342079162,0.011916628740305866
245,256,64,0.01963241,1.000995409488678,1.7749294462085614e-05,85.15562362670899,0.9384560170282216,4.995286130905152,0.012897922740712556
245,256,64,0.02046784,1.0009904980659485,2.7883990583107512e-05,93.11586952209473,1.2160782257212175,5.020404911041259,0.010929754229963127
245,256,64,0.02130326,1.000996285676956,2.3246528999551738e-05,98.70995063781739,1.1429916493945704,5.026282906532288,0.009384584780342273
245,256,64,0.02213868,1.0009921193122864,2.0215923819352717e-05,103.47603836059571,1.2130555350542898,5.025039553642273,0.011809322502315964
245,256,64,0.0229741,1.00100319981575,2.090583867478569e-05,107.65943565368653,0.9402436235576165,5.019896864891052,0.008096326008124658
245,256,64,0.02380952,1.0009960949420929,1.2335268720425816e-05,110.2336582183838,1.1064695166490093,5.000108599662781,0.007588890334914966
245,256,64,0.02464495,1.00099156498909,1.2067152808108321e-05,112.08959503173828,0.8437861654759052,4.977619051933289,0.007373302915299738
245,256,64,0.02548037,1.000998193025589,1.4664849221085275e-05,113.90153694152832,1.1756656502124767,4.955885529518127,0.009102998875758534
245,256,64,0.02631579,1.0010011613368988,1.4269768986467954e-05,114.75665245056152,1.2082514212343625,4.926602053642273,0.010628634089664636
245,256,64,0.02715121,1.0009973168373107,1.3413926980527591e-05,115.29755592346191,1.155231090225789,4.895871210098266,0.010796674448365873
245,256,64,0.02798663,1.000997579097748,7.725654141391238e-06,115.44123992919921,0.7560285881179957,4.860814547538757,0.007918967805155452
250,256,64,0.00793651,0.08608333505690098,0.07604325506322096,0.0012232550303451716,0.0002438933349501467,0.013232533400878311,0.0017022508207174781
250,256,64,0.00877193,0.1363333363085985,0.09578854293928855,0.0014773000148124993,0.0003775949950820087,0.014675234304741025,0.0023310758791428706
250,256,64,0.00960735,0.2136607201769948,0.08102525649224512,0.0020245600200723855,0.000698099136416815,0.01693269396200776,0.002633160771745903
250,256,64,0.01044277,0.2673401013016701,0.1138447807260038,0.0032073099864646792,0.001812639845841069,0.02059137267060578,0.005450152087417514
250,256,64,0.0112782,0.38451984599232675,0.12361925270378334,0.007446610287297517,0.004884583885934079,0.028587232762947678,0.008874268539019762
250,256,64,0.01211362,0.5676313936710358,0.10149454825505996,0.08202380451839417,0.07022810548335985,0.07359244776889681,0.03300178990220711
250,256,64,0.01294904,0.7771745055913926,0.09806130568344248,10.667396426200867,2.296944880847336,1.9438171684741974,0.4460273229329052
250,256,64,0.01378446,0.8881578922271729,0.07697193753396303,16.587311363220216,1.6524313888722986,3.602992570400238,0.3485774542285174
250,256,64,0.01461988,0.953431922197342,0.06228999817567642,24.966402530670166,1.9029859746124762,4.12816573381424,0.2942184818160065
250,256,64,0.0154553,0.9959786683320999,0.02181604896531317,34.955996704101565,1.1701510068053567,4.50591549873352,0.10370777062982026
250,256,64,0.01629073,1.000976127386093,4.604055485761123e-05,45.261312103271486,0.591216584946416,4.679572701454163,0.008934365204854933
250,256,64,0.01712615,1.0009809672832488,3.88275741420949e-05,55.575308609008786,0.7472873521551955,4.798808002471924,0.011185202187691501
250,256,64,0.01796157,1.0009855329990387,2.9259625070296154e-05,66.10556030273438,1.1430929270201216,4.887266778945923,0.01533145044332912
250,256,64,0.01879699,1.000993973016739,2.623464364777703e-05,76.64906997680664,0.8900360553984088,4.954311513900757,0.00984490771191361
250,256,64,0.01963241,1.000989705324173,1.8285977429620892e-05,84.863814163208,1.1579957512570536,4.994857406616211,0.011074065610412218
250,256,64,0.02046784,1.0009930193424226,2.155192111049313e-05,92.44632072448731,1.2173058041836495,5.017681097984314,0.011589163344530407
250,256,64,0.02130326,1.0009989023208619,1.8349070864846783e-05,98.34472427368163,1.0557232902472458,5.0287495136260985,0.01085107246952985
250,256,64,0.02213868,1.0009904682636261,9.128993766584315e-06,103.74118766784667,0.9814094606105729,5.032928562164306,0.007268288159662989
250,256,64,0.0229741,1.000996571779251,1.7511932885367648e-05,106.80936393737792,1.106037499812649,5.015533661842346,0.009907019501783068
250,256,64,0.02380952,1.000999528169632,1.1901378992195235e-05,109.67069587707519,0.9728651647893726,4.997674536705017,0.008788291929083127
250,256,64,0.02464495,1.001000964641571,9.55156575094746e-06,111.60938301086426,1.0228004277380216,4.977456736564636,0.010937185560476327
250,256,64,0.02548037,1.000996482372284,1.2017922395486538e-05,113.63242721557617,0.874817028129148,4.960356545448303,0.010401026564287846
250,256,64,0.02631579,1.000997108221054,9.164107039066186e-06,114.2519515991211,0.8986409458673977,4.9282306909561155,0.0101883573616278
250,256,64,0.02715121,1.001001101732254,1.53405855809914e-05,114.26235542297363,1.023587601907012,4.89411051273346,0.01063864919734547
250,256,64,0.02798663,1.0009963989257813,1.0962938931557839e-05,114.91429023742675,0.9316990820341898,4.860600256919861,0.009516067231992132
255,256,64,0.00793651,0.0948333354666829,0.05978178068791263,0.0012132550298701971,0.0001486430615668792,0.013396885246038437,0.0013545921692436202
255,256,64,0.00877193,0.16426587644964458,0.09204527228100956,0.0017961100034881382,0.0010270925146004287,0.01545852436684072,0.0030921884718494684
255,256,64,0.00960735,0.18713492453098296,0.06460360555251658,0.0020097249711398036,0.0007975643350034453,0.016788662783801554,0.00259228124949416
255,256,64,0.01044277,0.27330538518726827,0.1155832388671387,0.0031446050095837565,0.0021440239986205718,0.02009310545399785,0.00492919126670553
255,256,64,0.0112782,0.422027213871479,0.1026764700670314,0.00837873063283041,0.0029811517704710806,0.031092619895935057,0.004378889242378935
255,256,64,0.01211362,0.5330142721533775,0.12360255694224676,0.09050663374364376,0.07216144497029149,0.07532873889431357,0.0336206692416001
255,256,64,0.01294904,0.7926146745681762,0.1165383194962189,11.1508154630661,2.528395129496765,2.2224419951438903,0.5736421386964095
255,256,64,0.01378446,0.885389631986618,0.0961200019822199,16.342982244491576,1.859671142004732,3.5418796062469484,0.417089354387659
255,256,64,0.01461988,0.9459011048078537,0.06695682121927786,24.990470981597902,1.8595560085767198,4.113090872764587,0.29151217583637007
255,256,64,0.0154553,1.000961709022522,3.8469733551986e-05,34.78317012786865,0.5060340001229893,4.521404218673706,0.011147003406855985
255,256,64,0.01629073,1.0009989380836486,4.6474397047883994e-05,44.92726650238037,0.985738869457012,4.678367805480957,0.014355877621555135
255,256,64,0.01712615,1.0009739220142364,3.74152608061838e-05,55.64696922302246,0.8049931693340403,4.8020421981811525,0.008961241022276207
255,256,64,0.01796157,1.0009934544563293,3.276785824548208e-05,66.18771171569824,0.8847308819278846,4.890017104148865,0.008813885160972524
255,256,64,0.01879699,1.000993251800537,1.869059485507225e-05,76.22622985839844,0.8905702340829111,4.9538723707199095,0.007221774344986981
255,256,64,0.01963241,1.0009943962097168,1.4413157388907748e-05,84.59078903198242,1.0405097128037508,4.994852590560913,0.01017593689971916
255,256,64,0.02046784,1.000999504327774,2.525787103523045e-05,92.37318878173828,0.7491184001101705,5.021799540519714,0.006697478247702666
255,256,64,0.02130326,1.0009986579418182,2.7783163537174374e-05,98.23611984252929,0.9607987161213651,5.028208374977112,0.009988984672306479
255,256,64,0.02213868,1.0009852588176726,1.7547327010554977e-05,102.69350395202636,0.7807423059672383,5.026845908164978,0.009116728665583482
255,256,64,0.0229741,1.0009972989559173,1.294255399392141e-05,106.01478385925293,1.1464282592574746,5.012648510932922,0.010902907786571499
255,256,64,0.02380952,1.0010020434856415,1.6174151710678838e-05,109.08790588378906,0.9432994670484776,5.001813435554505,0.009840888495102557
255,256,64,0.02464495,1.000998431444168,1.5125797552144651e-05,111.04541244506837,0.762536871629205,4.979879450798035,0.0073294742522159026
255,256,64,0.02548037,1.000998055934906,1.5391904435486572e-05,112.68221778869629,0.9110256087098101,4.954305911064148,0.008987664923375835
255,256,64,0.02631579,1.000999289751053,9.756992699374274e-06,113.66859817504883,0.9006390369283106,4.926089572906494,0.011441598493847053
255,256,64,0.02715121,1.0009982585906982,1.169649085594691e-05,114.44240112304688,0.7430107462974962,4.9006620168685915,0.009017530334198613
255,256,64,0.02798663,1.0010002613067628,1.5391327382092724e-05,114.28376731872558,0.8956463933483108,4.864077854156494,0.008312986929806471
260,256,64,0.00793651,0.10911905094981193,0.0701686160988015,0.0013428950041998178,0.0003967671824238176,0.013739567110314965,0.0016560447073013088
260,256,64,0.00877193,0.13708333801478148,0.08617952319531731,0.0014225950289983302,0.00033036879813568205,0.014543404662981629,0.0021895859675547013
260,256,64,0.00960735,0.20200794078409673,0.06792924687869324,0.0020048000267706813,0.0007007901054666781,0.016419941373169423,0.00253457047913092
260,256,64,0.01044277,0.33392243534326554,0.10249745044976491,0.002736674976767972,0.000928070194338576,0.021085032587870957,0.0034515166511047677
260,256,64,0.0112782,0.4063050955533981,0.0805490987098971,0.010346165020018816,0.010161931543347468,0.030461044143885375,0.009400636005638058
260,256,64,0.01211362,0.5776936322450638,0.14138359317592578,0.15628952141851188,0.10370483935652025,0.09897866966202855,0.03965779577753354
260,256,64,0.01294904,0.7898340731859207,0.1054972868012935,11.356058168411256,2.374283375485038,2.5349866926670073,0.5338873900852763
260,256,64,0.01378446,0.9291900128126145,0.07080696804951189,17.460133266448974,1.7562247631651942,3.7546247363090517,0.3578973257478375
260,256,64,0.01461988,0.9609177112579346,0.05835130897413508,25.31815595626831,1.5926882326897038,4.176302301883697,0.25380727274899295
260,256,64,0.0154553,0.9909796357154846,0.030025181916772437,34.76150627136231,1.0961562117097252,4.484423637390137,0.13515867695803774
260,256,64,0.01629073,1.0009800434112548,3.794035986804211e-05,44.91945304870605,0.5227666080210015,4.679646468162536,0.00951362459219421
260,256,64,0.01712615,1.000991553068161,3.0111919080726066e-05,55.38921699523926,0.5402353546689779,4.7989284753799435,0.006985527205626023
260,256,64,0.01796157,1.0009950518608093,2.931341401597228e-05,65.68846206665039,0.7813982115836972,4.888919162750244,0.010111990371121536
260,256,64,0.01879699,1.000992101430893,2.612713768394965e-05,75.76597671508789,0.8332629248581743,4.954125761985779,0.0078578259165876
260,256,64,0.01963241,1.0009998619556426,2.1507994764513173e-05,84.52646026611328,1.0345527062757534,4.995898699760437,0.008782298031230998
260,256,64,0.02046784,1.0009964406490326,2.013599376133628e-05,91.76737670898437,1.2929482704705921,5.019471383094787,0.01096243911577362
260,256,64,0.02130326,1.0009930849075317,2.110221280522328e-05,98.14205131530761,0.8817539831847031,5.03139545917511,0.00735172625644791
260,256,64,0.02213868,1.000996971130371,1.691233244589782e-05,102.30905952453614,1.1064028623689397,5.027428817749024,0.010477185572441136
260,256,64,0.0229741,1.0009989798069001,1.8586157129974093e-05,106.12430343627929,0.7435010781045633,5.017338728904724,0.008136114579769477
260,256,64,0.02380952,1.0009957194328307,1.4837323776329322e-05,108.53114128112793,0.884756742182023,4.99826409816742,0.008750354789822817
260,256,64,0.02464495,1.0009928405284882,1.4473278099485067e-05,110.32066955566407,1.1850881185211393,4.976094889640808,0.010230774080345383
260,256,64,0.02548037,1.0009947001934052,1.560937539807409e-05,112.25286064147949,1.0302650206046762,4.957005524635315,0.011060266315322314
260,256,64,0.02631579,1.000994211435318,1.2376282663360745e-05,113.31857147216797,0.7460762039712802,4.925625252723694,0.006752384978881998
260,256,64,0.02715121,1.0009978652000426,1.1235568820252475e-05,113.37069549560547,1.2792036284263433,4.897350645065307,0.009725987628869845
260,256,64,0.02798663,1.0009950399398804,1.2657927304953526e-05,113.82994842529297,0.6885933070677608,4.862060856819153,0.0081110701976681
265,256,64,0.00793651,0.12027778197079897,0.07728065667871524,0.0014675999816972762,0.0005743342619975643,0.013891193317249417,0.001739490161613996
265,256,64,0.00877193,0.1677500056102872,0.09057728068463153,0.0015372699999716133,0.0003904460053814978,0.015137775335460901,0.002306465125338925
265,256,64,0.00960735,0.22804365679621696,0.06074239070770631,0.0021194149972870945,0.0005033701405479689,0.01772955898195505,0.002098459697035342
265,256,64,0.01044277,0.3307180434465408,0.08667434143199625,0.003888345154700801,0.0018247886285128697,0.022305837320163845,0.004116685479559403
265,256,64,0.0112782,0.41503784582018854,0.14097682070785125,0.01020104523631744,0.010156285824183634,0.03157199956476688,0.01042412624590452
265,256,64,0.01211362,0.5921507954597474,0.13300598459180984,0.25321381241083146,0.14075810884562584,0.12354691196233034,0.04782601091103841
265,256,64,0.01294904,0.8089343965053558,0.09481126774384657,11.34851496219635,2.5849261569302913,2.6212599337100984,0.5052797223634848
265,256,64,0.01378446,0.9208541452884674,0.06412512901590876,17.519589138031005,1.3935949056997157,3.7746312618255615,0.28999910304412935
265,256,64,0.01461988,0.9909430056810379,0.03002192182612645,26.2335467338562,1.0420935546826264,4.307867383956909,0.13395158992111225
265,256,64,0.0154553,1.0009719550609588,4.8930080959059214e-05,35.17645778656006,0.6412076277334915,4.5306074857711796,0.012134707469090983
265,256,64,0.01629073,1.0009839057922363,3.0691204280798354e-05,44.83211441040039,0.4798602893332842,4.6797919273376465,0.007822866000242089
265,256,64,0.01712615,1.0009724974632264,2.9757630693713184e-05,55.29498100280762,0.6592295660121038,4.7988584518432615,0.008639694942890016
265,256,64,0.01796157,1.0009946405887604,3.850988292407118e-05,65.84597587585449,0.7298947801296379,4.8907256603240965,0.007385147823844486
265,256,64,0.01879699,1.0009833931922913,2.9136055103156203e-05,75.21735343933105,0.9317676571527951,4.950032639503479,0.011255027416951443
265,256,64,0.01963241,1.0009842276573182,2.633716331749249e-05,83.91520156860352,0.9992198483352692,4.994798994064331,0.010560218059969814
265,256,64,0.02046784,1.0009954452514649,2.0004810623172418e-05,91.56953392028808,1.0495889063221557,5.0195626497268675,0.009676523182393829
265,256,64,0.02130326,1.0009919285774231,2.4329120724609675e-05,97.07243614196777,0.930557884206945,5.0260854959487915,0.008723094458506357
265,256,64,0.02213868,1.0009911894798278,1.923038723678692e-05,101.39672164916992,1.2037050641348372,5.021987724304199,0.010631065525192948
265,256,64,0.0229741,1.0009973347187042,1.9101475318625797e-05,105.76694984436035,0.8781663270357504,5.0185405015945435,0.007040804818418124
265,256,64,0.02380952,1.0009967803955078,1.0870514645016023e-05,107.75704574584961,1.1034884600241721,4.999953365325927,0.010075820794237555
265,256,64,0.02464495,1.0010009169578553,1.4030437087986242e-05,110.01412811279297,1.12817351142346,4.979969453811646,0.011983246070058988
265,256,64,0.02548037,1.0009992003440857,1.469183280758829e-05,111.23497924804687,0.989473068785519,4.950985074043274,0.010716777245686855
265,256,64,0.02631579,1.000993263721466,8.002122795743206e-06,112.77220497131347,0.9256673992202641,4.927572107315063,0.00914990613872226
265,256,64,0.02715121,1.0009948432445526,1.3039843968480266e-05,112.68844413757324,0.7623357477305941,4.891942095756531,0.008434316775065778
265,256,64,0.02798663,1.00099977850914,1.2717339254226374e-05,113.07249603271484,0.7685517689102357,4.860949587821961,0.00671723363894731
270,256,64,0.00793651,0.09483333695679903,0.06009460331772388,0.0012680900108534843,0.00020927478394675966,0.013523886166512965,0.0013361259508857075
270,256,64,0.00877193,0.15175000187009574,0.06509709691053993,0.0014824550366029144,0.00025859879740915235,0.014749623741954565,0.0014130776194456476
270,256,64,0.00960735,0.22202562019228936,0.0788397286747608,0.002009994984837249,0.0009428955579953236,0.01710017235018313,0.0030405603971771136
270,256,64,0.01044277,0.3217895030975342,0.07297631092416254,0.0045111800835002215,0.0023065195869697843,0.022861706744879483,0.0043438717929978965
270,256,64,0.0112782,0.44035424292087555,0.10036405249939687,0.012436790217179805,0.011068843177619088,0.03435600381344557,0.011153785908858974
270,256,64,0.01211362,0.6318497359752655,0.1338552700443605,0.40936380345374346,0.2318777482741301,0.1643413109704852,0.07475043184758749
270,256,64,0.01294904,0.8198531419038773,0.10793995436139646,11.181455755233765,2.3910255723506113,2.9212883591651915,0.4840630896760187
270,256,64,0.01378446,0.9058612197637558,0.07238100087433537,17.502198886871337,1.3556300058386284,3.7377232193946837,0.2915706086436618
270,256,64,0.01461988,0.9709406048059464,0.05571831465363464,25.687450885772705,1.4733439772232122,4.222944355010986,0.24027479353106357
270,256,64,0.0154553,1.0009765028953552,4.419343368339037e-05,34.73551139831543,0.4639051421864346,4.524447917938232,0.007898422573518245
270,256,64,0.01629073,1.0009861230850219,3.137564043048274e-05,44.71072578430176,0.6029229922930245,4.679555130004883,0.009289038481943816
270,256,64,0.01712615,1.0009922862052918,3.3465635979071034e-05,55.009040641784665,0.6040309255062367,4.7973774671554565,0.009689820399837578
270,256,64,0.01796157,1.0009868085384368,4.0663413554640945e-05,65.55591735839843,0.727016520427897,4.8908820152282715,0.00879248135791781
270,256,64,0.01879699,1.0009901404380799,2.4878521765628124e-05,75.32835693359375,1.0943110156557552,4.954188251495362,0.011520840980048826
270,256,64,0.01963241,1.0009986877441406,2.742817425469389e-05,84.08264198303223,0.9463890808219709,4.996738243103027,0.00827261725911548
270,256,64,0.02046784,1.0009939193725585,2.018313608193406e-05,91.11054267883301,1.0822463509209732,5.016634726524353,0.009370903000241612
270,256,64,0.02130326,1.0009968101978302,1.9518542735472573e-05,96.80404968261719,0.958897980031192,5.027703309059143,0.00963556293247731
270,256,64,0.02213868,1.000991153717041,2.1784446608763298e-05,101.29262275695801,0.9744584269680959,5.025139045715332,0.00758737683964766
270,256,64,0.0229741,1.0009895265102386,1.5753717345314897e-05,105.24017181396485,1.3100502522735649,5.01630003452301,0.009889612825846206
270,256,64,0.02380952,1.0010014593601226,1.601887553186664e-05,108.12847747802735,1.1786206636001864,5.003868961334229,0.011605530749921074
270,256,64,0.02464495,1.0010045289993286,1.6722747801505672e-05,109.45718994140626,0.805940883086409,4.976080203056336,0.009948314992474483
270,256,64,0.02548037,1.0009991228580475,1.5047540528903292e-05,110.92295188903809,1.045244096005184,4.9529709815979,0.009641590010937619
270,256,64,0.02631579,1.0009942650794983,1.331992453023251e-05,112.3063793182373,1.153546845377089,4.93017463684082,0.009709301028894906
270,256,64,0.02715121,1.0009983420372008,1.4689327384829532e-05,112.7168685913086,0.7841730282092205,4.897877860069275,0.007507609072779412
270,256,64,0.02798663,1.000996071100235,1.4103032063796492e-05,112.89911575317383,0.80909490099873,4.861448502540588,0.008339262577935347
275,256,64,0.00793651,0.11191666927188634,0.06332955254272868,0.0013428050093352794,0.00032071747962892575,0.01392464549280703,0.0014800743516442246
275,256,64,0.00877193,0.16711905188858509,0.07109935815510757,0.0015671300003305077,0.0004219713043637303,0.015153456293046475,0.0017871183393340147
275,256,64,0.00960735,0.2561803825199604,0.11436697204173515,0.0022732999932486564,0.0008664986758167626,0.018776286393404007,0.0041723804664207135
275,256,64,0.01044277,0.36467226669192315,0.1061168873766065,0.004210950032575056,0.002183244307268179,0.024641565466299652,0.00593065164878944
275,256,64,0.0112782,0.480477137863636,0.13109881068103707,0.01879182002739981,0.014311107181870774,0.040658952482044694,0.013858420938329782
275,256,64,0.01211362,0.6503929167985916,0.12842757837153596,0.6131571889622137,0.34894372822998315,0.19914610022678972,0.09004506593531507
275,256,64,0.01294904,0.7952368319034576,0.08900605465120534,10.878286361694336,1.8167071023532217,2.922488784790039,0.42711186149094155
275,256,64,0.01378446,0.9375751316547394,0.07049169811433634,18.02653913497925,1.6127912544732717,3.8414607882499694,0.3206529880526751
275,256,64,0.01461988,0.9934323757886887,0.023890042693298644,26.247003078460693,0.8344682394353606,4.311107182502747,0.12865487397584807
275,256,64,0.0154553,1.0009557962417603,3.9921509148316464e-05,34.86888790130615,0.39216740066864586,4.527709817886352,0.006869829693187084
275,256,64,0.01629073,1.000995022058487,2.6962608243512913e-05,44.602019500732425,0.6743764696924265,4.6779005289077755,0.009606660031984156
275,256,64,0.01712615,1.0009851634502411,2.6137279667879344e-05,54.765043067932126,0.7271256757890038,4.795632433891297,0.01088607819697774
275,256,64,0.01796157,1.0009810209274292,2.6893399073695332e-05,65.27865715026856,0.9062630003679139,4.890028595924377,0.010003147034926772
275,256,64,0.01879699,1.000993812084198,2.8065297489099133e-05,75.06181488037109,0.8718289339495298,4.954701018333435,0.007938818830469173
275,256,64,0.01963241,1.0009963035583496,2.491560847768067e-05,83.80192489624024,1.172564728485796,4.993864703178406,0.011475432048402522
275,256,64,0.02046784,1.0009880542755127,2.035745662286275e-05,91.0367504119873,1.1362252485992714,5.02158842086792,0.01110843255517084
275,256,64,0.02130326,1.0009904742240905,2.1972542292039452e-05,96.71028175354004,1.0404126503319187,5.026098132133484,0.007616836971781119
275,256,64,0.02213868,1.0009917080402375,1.9894008086569767e-05,101.02805061340332,0.9160332068456781,5.025459790229798,0.008536659682968593
275,256,64,0.0229741,1.000990390777588,2.286237140356121e-05,104.62246742248536,1.2762535305864995,5.015222120285034,0.014379535338411195
275,256,64,0.02380952,1.0009915769100188,1.3862839773498436e-05,107.0847827911377,1.1004198239475602,4.999388408660889,0.011445871962136445
275,256,64,0.02464495,1.0009958446025848,1.4378778959264081e-05,109.17304000854492,1.0284400068450898,4.9789937257766725,0.010876624187250045
275,256,64,0.02548037,1.00099578499794,1.1453641629727719e-05,110.79019966125489,1.1186314981502556,4.9547418594360355,0.011567309844447392
275,256,64,0.02631579,1.000993686914444,1.3810913255715172e-05,111.34443054199218,0.9615849498570934,4.923715019226075,0.008315733848193242
275,256,64,0.02715121,1.000999504327774,1.0169780403818764e-05,111.72278289794922,1.206263610533827,4.89211859703064,0.013190941077874847
275,256,64,0.02798663,1.0009954273700714,7.893228211999491e-06,112.0471965789795,1.0192239085758588,4.861647248268127,0.012868363637025156
280,256,64,0.00793651,0.1131666699424386,0.07690705239149703,0.0014128549955785275,0.0004488778453037084,0.013794140424579382,0.0017422336463974561
280,256,64,0.00877193,0.1385416707023978,0.05363319123570214,0.001552105025621131,0.0005766737354598503,0.014681967021897436,0.0016104530589798303
280,256,64,0.00960735,0.2600454568862915,0.10746532314787227,0.0024683049938175826,0.0010503496318821615,0.018491372093558313,0.0033755431681487887
280,256,64,0.01044277,0.3111934084445238,0.10555765668006738,0.004369810072239489,0.0026909892151119916,0.022604700829833745,0.0048101653917355675
280,256,64,0.0112782,0.4854071617126465,0.0987333091887759,0.023684775829315184,0.016878970315996816,0.044766669254750015,0.014775891282556573
280,256,64,0.01211362,0.6355311915278434,0.13306278048903308,0.9098560035228729,0.4907412828353661,0.2582431506365538,0.10963150636354653
280,256,64,0.01294904,0.8221937730908394,0.12643612124925657,11.25899260044098,2.2697798126897433,3.037303179502487,0.5524319981553915
280,256,64,0.01378446,0.9542487263679504,0.05819242299197322,18.491105604171754,1.159734506804208,3.9454096794128417,0.24424174284821118
280,256,64,0.01461988,0.9859591841697692,0.035730428855925034,26.02586498260498,1.0928718343819168,4.286139297485351,0.1569225741629756
280,256,64,0.0154553,1.000995433330536,4.423529066195161e-05,34.71023101806641,0.5584543404969969,4.524253869056702,0.011070532629522543
280,256,64,0.01629073,1.0009891390800476,3.400377856719524e-05,44.49513740539551,0.48991090209281474,4.676903247833252,0.009736657165261734
280,256,64,0.01712615,1.00097114443779,3.2661658851738166e-05,54.673505783081055,0.8625059700169516,4.796009731292725,0.01179398255358008
280,256,64,0.01796157,1.000992125272751,3.912223815473825e-05,65.4324556350708,1.0075523450245178,4.892089080810547,0.011228007987306369
280,256,64,0.01879699,1.0009950935840606,2.9181778496619746e-05,74.30215911865234,0.9846648186983035,4.948324370384216,0.010714276608786313
280,256,64,0.01963241,1.000984972715378,2.965246851122673e-05,83.48006019592285,0.8935525468258511,4.9962313890457155,0.0062829143684025425
280,256,64,0.02046784,1.0009887754917144,2.1308722195836116e-05,90.53932037353516,0.9870200172421094,5.0182668447494505,0.01004124053249221
280,256,64,0.02130326,1.0009975671768188,1.6785988701530026e-05,96.30686073303222,1.0154845884419235,5.028414463996887,0.010572604515598874
280,256,64,0.02213868,1.00100319981575,2.5068624501599703e-05,100.7559684753418,1.1624897526468454,5.026262831687927,0.009163503545364327
280,256,64,0.0229741,1.0009986937046051,1.189206174648908e-05,104.23485832214355,1.0318719517507933,5.015765523910522,0.010145874161893786
280,256,64,0.02380952,1.00098974108696,1.308532928105351e-05,107.24977951049804,0.9881384862281645,5.002553176879883,0.00861173052893864
280,256,64,0.02464495,1.0009973049163818,1.2726785092373402e-05,108.93131446838379,1.0147340075570555,4.979637551307678,0.009867444577208125
280,256,64,0.02548037,1.0009966015815734,1.3305161301151791e-05,110.08656806945801,0.6518799370523674,4.950521039962768,0.0074647398292946344
280,256,64,0.02631579,1.0009981989860535,1.4724615439701685e-05,110.89844551086426,0.8371323151828249,4.923205828666687,0.009470780112757298
280,256,64,0.02715121,1.000996083021164,9.685332949329336e-06,111.3986385345459,0.6784132482107667,4.894741845130921,0.008947744661471052
280,256,64,0.02798663,1.0009920358657838,1.143965784246343e-05,112.32520637512206,0.893350207119005,4.866001725196838,0.010016375753076399
